cik,registrant_name,rank,pinned,pinned_reason
19617,JPMORGAN CHASE & CO,1,false,
70858,BANK OF AMERICA CORP /DE/,2,false,
831001,CITIGROUP INC,3,false,
72971,WELLS FARGO & COMPANY/MN,4,false,
886982,GOLDMAN SACHS GROUP INC,5,false,
895421,MORGAN STANLEY,6,false,
36104,US BANCORP \DE\,7,false,
316709,SCHWAB CHARLES CORP,8,false,
713676,"PNC FINANCIAL SERVICES GROUP, INC.",9,false,
92230,TRUIST FINANCIAL CORP,10,false,
927628,CAPITAL ONE FINANCIAL CORP,11,false,
1390777,BANK OF NEW YORK MELLON CORP,12,false,
93751,STATE STREET CORP,13,false,
4962,AMERICAN EXPRESS CO,14,false,
759944,CITIZENS FINANCIAL GROUP INC/RI,15,false,
750556,SUNTRUST BANKS INC,16,false,
35527,FIFTH THIRD BANCORP,17,false,
798941,FIRST CITIZENS BANCSHARES INC /DE/,18,false,
719739,SVB FINANCIAL GROUP,19,false,
36270,M&T BANK CORP,20,false,
83246,HSBC USA INC /MD/,21,false,
40729,ALLY FINANCIAL INC.,22,false,
91576,KEYCORP /NEW/,23,false,
49196,HUNTINGTON BANCSHARES INC /MD/,24,false,
73124,NORTHERN TRUST CORP,25,false,
820027,AMERIPRISE FINANCIAL INC,26,false,
1011659,MUFG AMERICAS HOLDINGS CORP,27,false,
811830,"SANTANDER HOLDINGS USA, INC.",28,false,
1281761,REGIONS FINANCIAL CORP,29,false,
1393612,DISCOVER FINANCIAL SERVICES,30,false,
1601712,SYNCHRONY FINANCIAL,31,false,
910073,"FLAGSTAR BANK, NATIONAL ASSOCIATION",32,false,
1409775,"BBVA USA BANCSHARES, INC.",33,false,
28412,COMERICA INC,34,false,
109380,"ZIONS BANCORPORATION, NATIONAL ASSOCIATION /UT/",35,false,
36966,FIRST HORIZON CORP,36,false,
720005,RAYMOND JAMES FINANCIAL INC,37,false,
763901,"POPULAR, INC.",38,false,
801337,WEBSTER FINANCIAL CORP,39,false,
1212545,WESTERN ALLIANCE BANCORPORATION,40,false,
1069157,EAST WEST BANCORP INC,41,false,
1171825,CIT GROUP INC,42,false,
1015780,E TRADE FINANCIAL CORP,43,false,
1378946,"PEOPLE'S UNITED FINANCIAL, INC.",44,false,
714310,VALLEY NATIONAL BANCORP,45,false,
18349,SYNOVUS FINANCIAL CORP,46,false,
1015328,WINTRUST FINANCIAL CORP,47,false,
39263,"CULLEN/FROST BANKERS, INC.",48,false,
887343,"COLUMBIA BANKING SYSTEM, INC.",49,false,
875357,BOK FINANCIAL CORP,50,false,
1102112,PACWEST BANCORP,,true,"PacWest Bancorp. Peaked at 41bn and ranks outside the fifty, but is one of the two terminal filers decision 0010 selected: it spans both cycles, sustained acute deposit outflow through 2023 and exited by merger rather than closure, which exercises the terminal filer and entity event paths together"
