cycle,label,start,end,filers,median_beta,spearman_all,spearman_plausible,plausible_filers,largest_mover,largest_shift
calibration,derived,2015-12-31,2019-03-31,43,0.3212860727362225,,,42,ALLY FINANCIAL INC.,0.0
calibration,start one quarter earlier,2015-09-30,2019-03-31,43,0.31874288751855834,0.9758381153729991,0.9958188153310105,41,CIT GROUP INC,-1.3813576709498783
calibration,start one quarter later,2016-03-31,2019-03-31,44,0.34849456777190424,0.9971307762005437,0.9969208329957053,42,SYNOVUS FINANCIAL CORP,0.05587690587339089
calibration,end one quarter earlier,2015-12-31,2018-12-31,43,0.30131297534829465,0.8915735427363334,0.8836398995219188,42,SYNOVUS FINANCIAL CORP,-0.1992682968276664
calibration,end one quarter later,2015-12-31,2019-06-30,43,0.36894785698250354,0.9602839021443672,0.9573778462037112,42,SVB FINANCIAL GROUP,0.1473602324040783
test,derived,2022-03-31,2023-12-31,40,0.5750442101413606,,,37,ALLY FINANCIAL INC.,0.0
test,start one quarter earlier,2021-12-31,2023-12-31,40,0.5757196496518149,0.9921200750469044,0.9900426742532006,37,"COLUMBIA BANKING SYSTEM, INC.",-0.17403267726118293
test,start one quarter later,2022-06-30,2023-12-31,40,0.6543589157227406,0.9941838649155722,0.9926505452821243,37,"SANTANDER HOLDINGS USA, INC.",0.3268819714393634
test,end one quarter earlier,2022-03-31,2023-09-30,41,0.5597681865344972,0.8759849906191369,0.984352773826458,37,BANK OF NEW YORK MELLON CORP,0.7828755784538086
test,end one quarter later,2022-03-31,2024-03-31,40,0.5874813579453693,0.8778611632270169,0.9791370317686107,37,BANK OF NEW YORK MELLON CORP,0.8216341498627944
