cik,registrant_name,rank,pinned,bank_quarters,best_tier,tier_1,tier_2,tier_3,tier_x,calibration_covered,calibration_quarters,calibration_share,calibration_eligible,test_covered,test_quarters,test_share,test_eligible
19617,JPMORGAN CHASE & CO,1.0,False,69,1,66,3,0,0,15,15,1.0,True,8,8,1.0,True
70858,BANK OF AMERICA CORP /DE/,2.0,False,68,1,68,0,0,0,15,15,1.0,True,8,8,1.0,True
831001,CITIGROUP INC,3.0,False,66,1,66,0,0,0,15,15,1.0,True,8,8,1.0,True
72971,WELLS FARGO & COMPANY/MN,4.0,False,70,1,70,0,0,0,15,15,1.0,True,8,8,1.0,True
886982,GOLDMAN SACHS GROUP INC,5.0,False,66,2,0,66,0,0,15,15,1.0,True,8,8,1.0,True
895421,MORGAN STANLEY,6.0,False,68,1,6,62,0,0,15,15,1.0,True,8,8,1.0,True
36104,US BANCORP \DE\,7.0,False,70,1,70,0,0,0,15,15,1.0,True,8,8,1.0,True
316709,SCHWAB CHARLES CORP,8.0,False,22,1,22,0,0,0,0,15,0.0,False,8,8,1.0,True
713676,"PNC FINANCIAL SERVICES GROUP, INC.",9.0,False,69,1,69,0,0,0,15,15,1.0,True,8,8,1.0,True
92230,TRUIST FINANCIAL CORP,10.0,False,69,1,69,0,0,0,15,15,1.0,True,8,8,1.0,True
927628,CAPITAL ONE FINANCIAL CORP,11.0,False,69,1,69,0,0,0,15,15,1.0,True,8,8,1.0,True
1390777,BANK OF NEW YORK MELLON CORP,12.0,False,25,1,25,0,0,0,0,15,0.0,False,8,8,1.0,True
93751,STATE STREET CORP,13.0,False,66,1,66,0,0,0,15,15,1.0,True,8,8,1.0,True
4962,AMERICAN EXPRESS CO,14.0,False,70,1,66,4,0,0,15,15,1.0,True,8,8,1.0,True
759944,CITIZENS FINANCIAL GROUP INC/RI,15.0,False,49,1,49,0,0,0,15,15,1.0,True,8,8,1.0,True
750556,SUNTRUST BANKS INC,16.0,False,43,1,25,18,0,0,15,15,1.0,True,0,8,0.0,False
35527,FIFTH THIRD BANCORP,17.0,False,71,1,47,24,0,0,15,15,1.0,True,8,8,1.0,True
798941,FIRST CITIZENS BANCSHARES INC /DE/,18.0,False,69,1,69,0,0,0,15,15,1.0,True,8,8,1.0,True
719739,SVB FINANCIAL GROUP,19.0,False,52,1,52,0,0,0,15,15,1.0,True,4,8,0.5,False
36270,M&T BANK CORP,20.0,False,70,3,0,0,39,31,0,15,0.0,False,0,8,0.0,False
83246,HSBC USA INC /MD/,21.0,False,62,1,62,0,0,0,15,15,1.0,True,8,8,1.0,True
40729,ALLY FINANCIAL INC.,22.0,False,62,1,62,0,0,0,15,15,1.0,True,8,8,1.0,True
91576,KEYCORP /NEW/,23.0,False,71,1,30,41,0,0,15,15,1.0,True,8,8,1.0,True
49196,HUNTINGTON BANCSHARES INC /MD/,24.0,False,68,2,0,68,0,0,15,15,1.0,True,8,8,1.0,True
73124,NORTHERN TRUST CORP,25.0,False,67,1,61,6,0,0,15,15,1.0,True,8,8,1.0,True
820027,AMERIPRISE FINANCIAL INC,26.0,False,22,2,0,22,0,0,0,15,0.0,False,8,8,1.0,True
1011659,MUFG AMERICAS HOLDINGS CORP,27.0,False,42,1,42,0,0,0,15,15,1.0,True,0,8,0.0,False
811830,"SANTANDER HOLDINGS USA, INC.",28.0,False,62,1,47,15,0,0,15,15,1.0,True,8,8,1.0,True
1281761,REGIONS FINANCIAL CORP,29.0,False,73,1,73,0,0,0,15,15,1.0,True,8,8,1.0,True
1393612,DISCOVER FINANCIAL SERVICES,30.0,False,64,1,50,14,0,0,15,15,1.0,True,8,8,1.0,True
1601712,SYNCHRONY FINANCIAL,31.0,False,50,1,50,0,0,0,15,15,1.0,True,8,8,1.0,True
910073,"FLAGSTAR BANK, NATIONAL ASSOCIATION",32.0,False,69,3,0,0,16,53,0,15,0.0,False,0,8,0.0,False
1409775,"BBVA USA BANCSHARES, INC.",33.0,False,30,1,30,0,0,0,15,15,1.0,True,0,8,0.0,False
28412,COMERICA INC,34.0,False,66,1,66,0,0,0,15,15,1.0,True,8,8,1.0,True
109380,"ZIONS BANCORPORATION, NATIONAL ASSOCIATION /UT/",35.0,False,65,1,65,0,0,0,15,15,1.0,True,8,8,1.0,True
36966,FIRST HORIZON CORP,36.0,False,70,1,28,0,2,40,0,15,0.0,False,8,8,1.0,True
720005,RAYMOND JAMES FINANCIAL INC,37.0,False,62,1,59,3,0,0,15,15,1.0,True,8,8,1.0,True
763901,"POPULAR, INC.",38.0,False,62,1,62,0,0,0,14,15,0.9333333333333333,True,8,8,1.0,True
801337,WEBSTER FINANCIAL CORP,39.0,False,64,1,64,0,0,0,15,15,1.0,True,8,8,1.0,True
1212545,WESTERN ALLIANCE BANCORPORATION,40.0,False,62,1,62,0,0,0,15,15,1.0,True,8,8,1.0,True
1069157,EAST WEST BANCORP INC,41.0,False,62,1,62,0,0,0,15,15,1.0,True,8,8,1.0,True
1171825,CIT GROUP INC,42.0,False,46,1,8,38,0,0,15,15,1.0,True,0,8,0.0,False
1015780,E TRADE FINANCIAL CORP,43.0,False,41,2,0,38,0,3,15,15,1.0,True,0,8,0.0,False
1378946,"PEOPLE'S UNITED FINANCIAL, INC.",44.0,False,51,1,51,0,0,0,15,15,1.0,True,0,8,0.0,False
714310,VALLEY NATIONAL BANCORP,45.0,False,66,3,0,0,9,57,0,15,0.0,False,0,8,0.0,False
18349,SYNOVUS FINANCIAL CORP,46.0,False,63,1,63,0,0,0,15,15,1.0,True,8,8,1.0,True
1015328,WINTRUST FINANCIAL CORP,47.0,False,69,1,69,0,0,0,15,15,1.0,True,8,8,1.0,True
39263,"CULLEN/FROST BANKERS, INC.",48.0,False,69,1,69,0,0,0,15,15,1.0,True,8,8,1.0,True
887343,"COLUMBIA BANKING SYSTEM, INC.",49.0,False,63,1,63,0,0,0,15,15,1.0,True,8,8,1.0,True
875357,BOK FINANCIAL CORP,50.0,False,69,2,0,69,0,0,15,15,1.0,True,8,8,1.0,True
1102112,PACWEST BANCORP,,True,51,1,51,0,0,0,15,15,1.0,True,7,8,0.875,True
