cik,frame_entity_name,peak_assets,peak_deposits,deposit_share,pays_deposit_interest,bank_sic,exclusion
19617,JPMORGAN CHASE & CO,3898333000000.0,2462303000000.0,0.6577424686134908,True,True,
70858,Bank of America Corporation,3180151000000.0,2064446000000.0,0.6513485586820613,True,True,
831001,Citigroup Inc.,2417000000000.0,1365954000000.0,0.5749585333915321,True,True,
72971,WELLS FARGO & COMPANY/MN,1952911000000.0,1482479000000.0,0.7609996160298306,True,True,
886982,"The Goldman Sachs Group, Inc.",1641594000000.0,428417000000.0,0.26818231944952103,True,False,
895421,MORGAN STANLEY,1193693000000.0,356646000000.0,0.3021832166753797,True,False,
36104,US BANCORP \DE\,674805000000.0,524976000000.0,0.7955620599912085,True,True,
316709,SCHWAB CHARLES CORP,667270000000.0,443778000000.0,0.780563406884735,True,False,
713676,"PNC FINANCIAL SERVICES GROUP, INC.",561580000000.0,457278000000.0,0.8206844690599813,True,True,
92230,Truist Financial Corporation,555255000000.0,416488000000.0,0.7695056361214321,True,True,
927628,CAPITAL ONE FINANCIAL CORP,478464000000.0,348413000000.0,0.7339527188265614,True,True,
1390777,Bank of New York Mellon Corp,469633000000.0,341545000000.0,0.727259370614927,True,True,
93751,STATE STREET CORP,314706000000.0,255035000000.0,0.8106024969487388,True,True,
4962,AMERICAN EXPRESS CO,261108000000.0,129144000000.0,0.4965900066643521,True,False,
759944,CITIZENS FINANCIAL GROUP INC/RI,226733000000.0,180724000000.0,0.819286764432697,True,True,
750556,"SunTrust Banks, Inc",215543000000.0,162589000000.0,0.7852025762903725,True,True,
35527,Fifth Third Bancorp,214574000000.0,169324000000.0,0.8020424790162755,True,True,
798941,FIRST CITIZENS BANCSHARES INC /DE/,213765000000.0,146233000000.0,0.8816134730487575,True,True,
719739,SVB Financial Group,211793000000.0,189203000000.0,0.8953896681621141,True,True,
36270,M&T BANK CORPORATION,209124316000.0,164127807000.0,0.8480808300532354,True,True,
83246,HSBC USA Inc.,201301000000.0,145150000000.0,0.7558552464699416,True,True,
40729,Ally Financial Inc.,196329000000.0,154666000000.0,0.7939330434873271,True,True,
91576,KeyCorp,189813000000.0,152572000000.0,0.8187565067133182,True,True,
49196,Huntington Bancshares Incorporated,189368000000.0,151230000000.0,0.8230478444709992,True,True,
73124,NORTHERN TRUST CORPORATION,183889800000.0,159928400000.0,0.8696969598096251,True,True,
820027,AMERIPRISE FINANCIAL INC,177735000000.0,37321000000.0,0.21866219358589284,True,False,
1011659,MUFG Americas Holdings Corporation,170810000000.0,102426000000.0,0.6102379562217747,True,True,
811830,"Santander Holdings USA, Inc.",168194320000.0,81598172000.0,0.5105590257905096,True,True,
1281761,REGIONS FINANCIAL CORPORATION,162938000000.0,139072000000.0,0.8535271084707067,True,True,
1393612,DISCOVER FINANCIAL SERVICES,151713000000.0,108931000000.0,0.7242906381645371,True,False,
1601712,SYNCHRONY FINANCIAL,117479000000.0,81153000000.0,0.69122269543736,True,False,
1096061,NATIONAL BANK OF GREECE SA,114339000000.0,77304000000.0,0.7716130348606739,True,False,
910073,"FLAGSTAR FINANCIAL, INC.",114057000000.0,82675000000.0,0.7432796907309179,True,True,
1409775,"BBVA USA Bancshares, Inc.",102756203000.0,85858381000.0,0.835554238998107,True,True,
28412,COMERICA INCORPORATED,94616000000.0,82339000000.0,0.870243933372791,True,True,
109380,"ZIONS BANCORPORATION, NATIONAL ASSOCIATION",93200000000.0,82789000000.0,0.888293991416309,True,True,
36966,FIRST HORIZON CORP,89092000000.0,74895000000.0,0.840647869617923,True,True,
1331875,"FIDELITY NATIONAL FINANCIAL, INC.",80614000000.0,822000000.0,0.08837759380711752,False,False,no_deposit_interest
720005,"RAYMOND JAMES FINANCIAL, INC.",80130000000.0,55393000000.0,0.6916666666666667,True,False,
763901,"POPULAR, INC.",75097899000.0,67005088000.0,0.9082360601561273,True,True,
801337,WEBSTER FINANCIAL CORPORATION,74945249000.0,60784284000.0,0.8548336518585862,True,True,
1212545,WESTERN ALLIANCE BANCORPORATION,70891000000.0,55333000000.0,0.8757439455856943,True,True,
1069157,"EAST WEST BANCORP, INC.",69612884000.0,56092438000.0,0.876456671658833,True,True,
1171825,CIT GROUP INC,67391900000.0,43071600000.0,0.741251424106728,True,True,
1015780,E TRADE FINANCIAL CORP,65003000000.0,45313000000.0,0.6970909034967617,True,True,
1378946,"People's United Financial, Inc.",64642400000.0,53755300000.0,0.831579582441246,True,True,
714310,Valley National Bancorp,61183352000.0,49885314000.0,0.8290051351354597,True,True,
18349,Synovus Financial Corp.,59809534000.0,50739185000.0,0.8623459202299846,True,True,
1015328,Wintrust Financial Corp,56259934000.0,45397170000.0,0.8437807927856316,True,True,
39263,"Cullen/Frost Bankers, Inc.",52892376000.0,43954196000.0,0.854792102308894,True,True,
887343,"COLUMBIA BANKING SYSTEM, INC.",52173596000.0,41624368000.0,0.8598629107496166,True,True,
875357,BOK FINANCIAL CORP,50249431000.0,41242059000.0,0.8207467861675887,True,True,
707179,Old National Bancorp /IN/,49089836000.0,37252676000.0,0.7593655877728089,True,True,
19612,TCF FINANCIAL CORPORATION,47802487000.0,38856319000.0,0.8128514108481427,True,True,
37808,FNB CORP/PA/,46158000000.0,34770000000.0,0.8029256194163946,True,True,
764038,SOUTHSTATE CORP,44989128000.0,37048909000.0,0.8378614402022866,True,True,
101382,UMB FINANCIAL CORP,44011674000.0,35792859000.0,0.847495385973906,True,True,
7789,Associated Banc-Corp,41637381000.0,33446049000.0,0.8154419553121591,True,True,
1102112,PacWest Bancorp,41228936000.0,34997757000.0,0.8653527017943917,True,True,
1169770,"BANC OF CALIFORNIA, INC.",41228936000.0,33936334000.0,0.8288551080417844,True,True,
1051741,FIRST NIAGARA FINANCIAL GROUP INC,39918000000.0,28701000000.0,0.7189989478430783,True,True,
1068851,"PROSPERITY BANCSHARES, INC.",39295684000.0,30771762000.0,0.8133368504547632,True,True,
720672,STIFEL FINANCIAL CORP.,37877577000.0,27594358000.0,0.7290305570548157,True,False,
1077428,TEXAS CAPITAL BANCSHARES INC/TX,37726096000.0,30996589000.0,0.8216219616257139,True,True,
1504008,"BankUnited, Inc.",37026712000.0,29438102000.0,0.8219398718919652,True,True,
22356,"COMMERCE BANCSHARES, INC.",36689088000.0,29813073000.0,0.8229299199607635,False,True,no_deposit_interest
750577,HANCOCK WHITNEY CORPORATION,36531205000.0,30465897000.0,0.8353100879294598,True,True,
1032033,SLM CORP,32686479000.0,24283983000.0,0.7550698700639368,True,False,
860413,"FIRST INTERSTATE BANCSYSTEM, INC.",32287800000.0,25073600000.0,0.8270477178106843,True,True,
1077771,UMPQUA HOLDINGS CORP,31848639000.0,27065612000.0,0.8679462337573499,True,True,
933141,IBERIABANK CORP,31713450000.0,25219349000.0,0.8295063368318856,True,True,
1070154,Sterling Bancorp,31383307000.0,23119522000.0,0.7752989607224487,True,True,
1033012,FLAGSTAR BANCORP INC,31038000000.0,19973000000.0,0.7067064317388063,True,True,
1101215,"BREAD FINANCIAL HOLDINGS, INC.",30684800000.0,13826000000.0,0.6140318400592373,True,False,
1818874,"SoFi Technologies, Inc.",30074858000.0,18620663000.0,0.6191438376866152,True,False,
729986,UNITED BANKSHARES INC/WV,29926482000.0,23350263000.0,0.7961519664118349,True,True,
1502749,EverBank Financial Corp,27838086000.0,19638228000.0,0.7054446200072807,True,True,
1594012,"INVESTORS BANCORP, INC.",27806618000.0,20824638000.0,0.7503093302392688,True,True,
700564,FULTON FINANCIAL CORP,27571915000.0,21573499000.0,0.8362988894806166,True,True,
90498,SIMMONS FIRST NATIONAL CORPORATION,27564325000.0,22548094000.0,0.8210933292053064,True,True,
857855,"UNITED COMMUNITY BANKS, INC.",27297251000.0,23310611000.0,0.8708348890623763,True,True,
351569,AMERIS BANCORP,25697830000.0,20708509000.0,0.8730260120881598,True,True,
354869,FIRSTMERIT CORP /OH/,25524604000.0,20108003000.0,0.787789028969852,True,True,
36377,"FIRST HAWAIIAN, INC.",24992410000.0,21816146000.0,0.8824849333059313,True,True,
46195,BANK OF HAWAII CORP,23733296000.0,21055045000.0,0.8935773851685638,True,True,
814184,TCF FINANCIAL CORPORATION,23699612000.0,18903686000.0,0.8081346051537271,True,True,
1810546,"Eastern Bankshares, Inc.",23512128000.0,19628311000.0,0.8378362685013524,True,True,
861842,Cathay General Bancorp,23081534000.0,19635588000.0,0.8646086798776429,True,True,
1331520,"HOME BANCSHARES, INC.",22883588000.0,17938783000.0,0.7899657093248457,True,True,
936528,"WAFD, INC.",22640122000.0,16070329000.0,0.7150416635613196,True,True,
1488813,"Customers Bancorp, Inc.",21857152000.0,18195364000.0,0.868915375262154,True,True,
1028918,PACIFIC PREMIER BANCORP INC,21688017000.0,17352401000.0,0.8215307097331731,True,True,
1299709,"Axos Financial, Inc.",21623764000.0,18203912000.0,0.8501975923579137,True,True,
883948,ATLANTIC UNION BANKSHARES CORPORATION,21166197000.0,16818129000.0,0.8278712626831591,True,True,
702325,FIRST MIDWEST BANCORP INC,20838678000.0,16012464000.0,0.8320155731065125,True,True,
1057706,FIRST BANCORP.,20785275000.0,17784894000.0,0.8838711200580297,True,True,
828944,WSFS FINANCIAL CORPORATION,20594672000.0,16474086000.0,0.8391828349631087,True,True,
776901,INDEPENDENT BANK CORP.,20423405000.0,16917044000.0,0.839071660781473,True,True,
920112,HEARTLAND FINANCIAL USA INC,20244228000.0,17513009000.0,0.8650865323192368,True,True,
1128361,"HOPE BANCORP, INC.",20076364000.0,15739859000.0,0.8407624078200638,True,True,
889936,"PRIVATEBANCORP, INC.",20053773000.0,16065229000.0,0.8314912413301271,True,True,
1564618,"Independent Bank Group, Inc.",19035102000.0,15723035000.0,0.8303101622365402,True,True,
1038205,BANK OF THE OZARKS INC,18890142000.0,15574878000.0,0.8244976665606855,True,True,
36146,TRUSTMARK CORP,18722189000.0,15569763000.0,0.8574376055517402,True,True,
1614184,Cadence Bancorporation,18712567000.0,16052245000.0,0.8578323326778202,True,True,
1265131,Hilltop Holdings Inc.,18689080000.0,12818077000.0,0.6959562544028697,True,True,
712534,FIRST MERCHANTS CORP,18405887000.0,14821453000.0,0.8239470803005912,True,True,
203596,WESBANCO INC,17712374000.0,13565863000.0,0.80142747217853,True,True,
708955,FIRST FINANCIAL BANCORP.,17532900000.0,13360797000.0,0.7882811471834311,True,True,
715072,RENASANT CORP,17360535000.0,14157110000.0,0.8272139640962026,True,True,
1102266,CENTERSTATE BANK CORP,17142025000.0,13136392000.0,0.8176618603820494,True,True,
354707,"Hawaiian Electric Industries, Inc.",16991818000.0,8224351000.0,1.0610112418676598,True,False,
1629019,Merchants Bancorp,16952516000.0,14061460000.0,0.8933640903553121,True,True,
946673,BANNER CORPORATION,16804872000.0,14326933000.0,0.8602089465006036,True,True,
1472787,FIRST AMERICAN FINANCIAL CORPORATION,16802800000.0,7308000000.0,0.4349275120813198,False,False,no_deposit_interest
354647,CVB FINANCIAL CORP.,16476540000.0,12976442000.0,0.81696610052433,True,True,
1430723,"ServisFirst Bancshares, Inc.",16129668000.0,13273511000.0,0.8636665516894286,True,True,
315709,INTERNATIONAL BANCSHARES CORPORATION,16046236000.0,12660007000.0,0.8166968745427855,True,True,
1312109,Silvergate Capital Corp,16005495000.0,14290628000.0,0.9394567181652759,True,True,
723188,"COMMUNITY BANK SYSTEM, INC.",15835651000.0,13030788000.0,0.8469072725762531,True,True,
1653242,The Bank of N.T. Butterfield & Son Limited,15335200000.0,13870223000.0,0.9080819026228182,True,False,
910322,ASTORIA FINANCIAL CORP,15076211000.0,9106027000.0,0.6097442950075322,True,True,
730708,SEACOAST BANKING CORPORATION OF FLORIDA,14823007000.0,12107834000.0,0.833305255533969,True,True,
701853,BANCORPSOUTH INC,14724388000.0,11688141000.0,0.8211782417744561,True,True,
1025835,ENTERPRISE FINANCIAL SERVICES CORP,14518590000.0,12176371000.0,0.8491886869215792,True,True,
1471265,"NORTHWEST BANCSHARES, INC.",14501508000.0,12301165000.0,0.848267987025901,True,True,
1178970,"PROVIDENT FINANCIAL SERVICES, INC.",14210810000.0,11234012000.0,0.8151692428570454,True,True,
824410,"SANDY SPRING BANCORP, INC.",14135085000.0,11151012000.0,0.8438537221761477,True,True,
1309108,WEX Inc.,13900400000.0,4368300000.0,0.31425714367931856,False,False,no_deposit_interest
790359,NBT BANCORP INC.,13827628000.0,11401452000.0,0.8520125230278008,True,True,
846617,"Dime Community Bancshares, Inc.",13651405000.0,10530655000.0,0.8667875426267598,True,True,
1004702,OceanFirst Financial Corp.,13538253000.0,10533929000.0,0.8290574410611046,True,True,
1413837,FIRST FOUNDATION INC.,13327248000.0,10812194000.0,0.8642392796377946,True,True,
1108134,"BERKSHIRE HILLS BANCORP, INC.",13215970000.0,10633384000.0,0.885483102606701,True,True,
36029,"FIRST FINANCIAL BANKSHARES, INC.",13105594000.0,11138300000.0,0.8498889863366742,True,True,
1380846,"TRISTATE CAPITAL HOLDINGS, INC.",13004852000.0,11504389000.0,0.8846228315401052,True,True,
314489,FIRST BUSEY CORPORATION,12859689000.0,10768577000.0,0.8428904615259111,True,True,
1613665,"GREAT WESTERN BANCORP, INC.",12851665000.0,11373318000.0,0.887543161461617,True,True,
1649749,FB FINANCIAL CORPORATION,12847756000.0,10855834000.0,0.8602291722463951,True,True,
1501570,"Veritex Holdings, Inc.",12394337000.0,10338195000.0,0.8353702704340624,True,True,
760498,BANCFIRST CORPORATION,12387863000.0,10974228000.0,0.892501212865292,True,True,
811589,First Bancorp,12114942000.0,10235403000.0,0.8684693124709354,True,True,
1050441,"Eagle Bancorp, Inc.",11847310000.0,9981540000.0,0.8490459424676866,True,True,
712537,FIRST COMMONWEALTH FINANCIAL CORP /PA/,11459488000.0,9241065000.0,0.8362933708451034,True,True,
1049782,"BROOKLINE BANCORP, INC",11382256000.0,8566013000.0,0.8195066573888752,True,True,
1030469,OFG Bancorp,11344453000.0,9762169000.0,0.8726505736965285,True,True,
1462120,"LIVE OAK BANCSHARES, INC.",11271423000.0,10275019000.0,0.9135362350074792,True,True,
846901,LAKELAND BANCORP INC,11176809000.0,8602503000.0,0.8496920489442863,True,True,
1473844,"Stellar Bancorp, Inc.",10900437000.0,9267632000.0,0.8608304461223735,True,True,
1476651,"FCB FINANCIAL HOLDINGS, INC.",10677079000.0,8673927000.0,0.8123876389787881,True,True,
1723596,"COLUMBIA FINANCIAL, INC.",10645568000.0,8001159000.0,0.8206999557788692,True,True,
821127,BOSTON PRIVATE FINANCIAL HOLDINGS INC,10048733000.0,8595366000.0,0.8553681344702859,True,True,
805676,PARK NATIONAL CORPORATION,10000914000.0,8244724000.0,0.8355881125435604,True,True,
1475841,NATIONAL BANK HOLDINGS CORP,9951064000.0,8190391000.0,0.8633439843659789,True,True,
356171,TriCo Bancshares,9930986000.0,8329013000.0,0.8622371827334766,True,True,
1479750,CAPITAL BANK FINANCIAL CORP.,9930657000.0,7880628000.0,0.7935656220932814,True,True,
712771,"CONNECTONE BANCORP,  INC.",9855603000.0,7536202000.0,0.789579479602016,True,True,
1516912,"ORIGIN BANCORP, INC.",9733303000.0,8374488000.0,0.8603952841085909,True,True,
1734342,Amerant Bancorp Inc.,9716327000.0,7894863000.0,0.8125357452461203,True,True,
700733,NATIONAL PENN BANCSHARES INC,9598902000.0,6704936000.0,0.6985107254975621,True,True,
719220,"S&T BANCORP, INC.",9551526000.0,7996524000.0,0.8427569752909012,True,True,
1518715,"HOMESTREET, INC.",9458751000.0,7451919000.0,0.8531970237466462,True,True,
318300,PEOPLES BANCORP INC.,9157382000.0,7102921000.0,0.8299758718067094,True,True,
1487052,"LEGACYTEXAS FINANCIAL GROUP, INC.",9086196000.0,6841715000.0,0.7612152463659623,True,True,
1702750,"Byline Bancorp, Inc.",8943368000.0,7176999000.0,0.8080416196097103,True,True,
1409970,LendingClub Corporation,8827463000.0,7333486000.0,0.8307580558536467,True,False,
1174850,"NICOLET BANKSHARES, INC.",8763969000.0,7197800000.0,0.8698806609471533,True,True,
34782,1st Source Corp,8727958000.0,7038581000.0,0.8307853931258495,True,True,
946647,PREMIER FINANCIAL CORP,8625949000.0,7143046000.0,0.839689004814873,True,True,
923139,FLUSHING FINANCIAL CORPORATION,8579375000.0,6815261000.0,0.7982983016985825,True,True,
906465,"QCR HOLDINGS, INC.",8540057000.0,6514005000.0,0.820218385427848,True,True,
1617242,KEARNY FINANCIAL CORP.,8289318000.0,5971371000.0,0.758955712896747,True,True,
705432,"Southside Bancshares, Inc.",8284914000.0,6549681000.0,0.819991728666389,True,True,
835324,"STOCK YARDS BANCORP, INC.",8170102000.0,6670748000.0,0.9488374543283467,True,True,
1475348,Luther Burbank Corp,8133913000.0,5839340000.0,0.7713476557032305,True,True,
947559,"The First Bancshares, Inc.",7999345000.0,6480025000.0,0.8600342185014876,False,True,no_deposit_interest
1823608,Amalgamated Financial Corp.,7972324000.0,7011988000.0,0.8980455436065848,True,True,
706129,"HORIZON BANCORP, INC.",7959434000.0,5857774000.0,0.7867199209463013,True,True,
1295401,"The Bancorp, Inc.",7903000000.0,7030113000.0,0.9263367523300803,True,True,
907471,"PATHWARD FINANCIAL, INC",7902511000.0,6936055000.0,0.8781593839913394,True,True,
1466026,"Midland States Bancorp, Inc.",7893109000.0,6405002000.0,0.8209038253957486,True,True,
1709442,FIRSTSUN CAPITAL BANCORP,7879724000.0,6374103000.0,0.8567332543471516,True,True,
700565,"FIRST MID BANCSHARES, INC.",7855294000.0,6346324000.0,0.8279325331215709,True,True,
102212,UNIVEST FINANCIAL CORPORATION,7828066000.0,6439165000.0,0.8501496892699828,True,True,
1005817,Tompkins Financial Corp,7819982000.0,6791435000.0,0.8684719478893941,False,True,no_deposit_interest
701347,Central Pacific Financial Corp,7642796000.0,6874745000.0,0.9062878770653658,True,True,
1118004,BANCPLUS CORPORATION,7642511000.0,6325736000.0,0.8895051419496801,True,True,
1109242,HANMI FINANCIAL CORPORATION,7570341000.0,6280574000.0,0.8627855416151193,True,True,
311094,WESTAMERICA BANCORPORATION,7461026000.0,6413956000.0,0.8956843263407985,True,True,
924805,FREEDOM HOLDING CORP.,7449043000.0,2439187000.0,0.3417039479260133,True,False,
1046025,HERITAGE FINANCIAL CORP,7432412000.0,6394290000.0,0.8603250196571449,True,True,
1210227,BNC Bancorp,7401691000.0,6082977000.0,0.8368173319150528,True,True,
1458412,"CROSSFIRST     BANKSHARES, INC.",7380680000.0,6491276000.0,0.8819053583136046,True,True,
1501364,"United Financial Bancorp, Inc.",7356874000.0,5670599000.0,0.770789196607146,True,True,
1366367,YADKIN FINANCIAL Corp,7215630000.0,5219470000.0,0.7398726996717138,True,True,
737468,"WASHINGTON TRUST BANCORP, INC.",7202847000.0,5415563000.0,0.8511268000164754,True,True,
1476034,METROPOLITAN BANK HOLDING CORP.,7116358000.0,6435572000.0,0.9043350545321076,True,True,
1642081,"Allegiance Bancshares, Inc.",7104954000.0,6047639000.0,0.8511862286511637,True,True,
1600125,"Meridian Bancorp, Inc.",6619848000.0,5081167000.0,0.7904894942821957,True,True,
1360683,"TALMER BANCORP, INC.",6595890000.0,5014581000.0,0.7602584336609616,True,True,
1624322,"BUSINESS FIRST BANCSHARES, INC.",6584550000.0,5248790000.0,0.8693187608764626,True,True,
1412665,"MIDWESTONE FINANCIAL GROUP, INC.",6577876000.0,5468942000.0,0.8488647876028526,True,True,
721994,LAKELAND FINANCIAL CORP,6557323000.0,5735407000.0,0.8802259709431254,True,True,
1050743,PEAPACK-GLADSTONE FINANCIAL CORPORATION,6521581000.0,5274114000.0,0.8796493506861824,True,False,
1005409,DIME COMMUNITY BANCSHARES INC,6403460000.0,4403447000.0,0.7319086226964597,True,True,
812348,"CENTURY BANCORP, INC.",6358834000.0,5452221000.0,0.8574246473488693,True,True,
357173,OLD SECOND BANCORP INC,6212189000.0,5466232000.0,0.8799204274048971,True,True,
357301,TrustCo Bank Corp NY,6196546000.0,5350777000.0,0.8674791361032756,True,True,
726854,CITY HOLDING COMPANY,6168052000.0,4945134000.0,0.8303516449254037,True,True,
862831,"Financial Institutions, Inc.",6160881000.0,5315973000.0,0.8743494351068934,True,True,
714395,"GERMAN AMERICAN BANCORP, INC.",6155991000.0,5350051000.0,0.8690803803969174,True,True,
1035092,"SHORE BANCSHARES, INC.",6010918000.0,5386120000.0,0.8960561431714756,True,True,
1539638,"TRIUMPH FINANCIAL, INC.",5956250000.0,4716600000.0,0.801288583115736,True,False,
854560,"GREAT SOUTHERN BANCORP, INC.",5812402000.0,4851548000.0,0.8440296043303518,True,True,
1615418,BENEFICIAL BANCORP INC.,5806925000.0,4172598000.0,0.7246006120315555,True,True,
750686,Camden National Corp,5779675000.0,4826929000.0,0.8510325555153962,True,True,
350852,"Community Trust Bancorp, Inc.",5769696000.0,4724622000.0,0.8226548403476673,True,True,
736772,CNB FINANCIAL CORP/PA,5752957000.0,5002781000.0,0.8849076711142687,True,True,
1769617,"HarborOne Bancorp, Inc.",5667896000.0,4409958000.0,0.8087681636050384,True,True,
834285,"REPUBLIC FIRST BANCORP, INC.",5626656000.0,5191180000.0,0.9226048295826154,True,True,
1493225,"Northfield Bancorp, Inc.",5601293000.0,4169334000.0,0.767756514911403,True,True,
711772,CAMBRIDGE BANCORP,5559737000.0,4815376000.0,0.9118652849460708,True,True,
1053352,HERITAGE COMMERCE CORP,5499409000.0,4759412000.0,0.8799088249937764,True,True,
802681,Bryn Mawr Bank Corporation,5432022000.0,4376254000.0,0.8056399624301963,True,True,
1085913,FARMERS & MERCHANTS BANCORP,5375375000.0,4759269000.0,0.8961766955339415,True,True,
1042729,Mercantile Bank Corporation,5353224000.0,4083193000.0,0.7836535613571772,True,True,
879635,"MID PENN BANCORP, INC.",5290792000.0,4381616000.0,0.9058434106560243,True,True,
39311,INDEPENDENT BANK CORPORATION,5263726000.0,4622879000.0,0.8818454089966612,True,True,
714562,FIRST FINANCIAL CORPORATION,5175099000.0,4409569000.0,0.8756514215174491,True,True,
1562463,First Internet Bancorp,5169023000.0,4083545000.0,0.7900032559344387,True,True,
1227500,"EQUITY BANCSHARES, INC.",5137631000.0,4420004000.0,0.8603194740922421,True,True,
709337,Farmers National Banc Corp.,5078350000.0,4511650000.0,0.9075642862646025,True,True,
775215,"HBT Financial, Inc.",5073170000.0,4401437000.0,0.8675910722487123,True,True,
1497275,STATE BANK FINANCIAL CORP,4958582000.0,4243135000.0,0.8557154041215815,True,True,
885275,WILSON BANK HOLDING CO,4846476000.0,4367106000.0,0.9083114580052034,True,True,
1038773,SMARTFINANCIAL INC.,4829387000.0,4267854000.0,0.8852110962898758,True,True,
1386278,Green Dot Corp,4817122000.0,3450105000.0,0.7203963688116704,False,False,no_deposit_interest
1336706,"Northpointe Bancshares, Inc.",4758479000.0,2925558000.0,0.6148094800880701,True,True,
822662,FIDELITY SOUTHERN CORP,4733796000.0,3981578000.0,0.8449464676422122,True,True,
1285224,WILSHIRE BANCORP INC,4713468000.0,3839876000.0,0.8146604580746066,True,True,
870385,CAROLINA FINANCIAL CORP,4708873000.0,3408361000.0,0.8041503998692262,True,True,
1496631,First NBC Bank Holding Co,4705825000.0,3843842000.0,0.8168263800715071,True,True,
1538263,"HOMETRUST BANCSHARES, INC.",4672633000.0,3661373000.0,0.8560793463778745,True,True,
720002,MAINSOURCE FINANCIAL GROUP,4647862000.0,3507603000.0,0.7830001583265591,True,True,
916907,"SOUTHERN MISSOURI BANCORP, INC.",4643502000.0,3994898000.0,0.8743394712618399,True,True,
811808,"Summit Financial Group, Inc.",4634322000.0,3754495000.0,0.8355860061087104,True,True,
1341317,Bridgewater Bancshares Inc,4611990000.0,3709948000.0,0.854575050088049,True,True,
1979330,"NB BANCORP, INC.",4533391000.0,3436659000.0,0.8121048955147134,True,True,
726601,"CAPITAL CITY BANK GROUP, INC.",4519223000.0,3939317000.0,0.8716801538671581,True,True,
1829576,"CARTER BANKSHARES, INC.",4512539000.0,3721915000.0,0.8947032546266752,True,True,
1018399,"ENTERPRISE BANCORP, INC.",4482374000.0,4060403000.0,0.9093067149310338,True,True,
1781730,"THIRD COAST BANCSHARES, INC.",4396074000.0,3803148000.0,0.8749730224447904,True,True,
732417,Hills Bancorporation,4341667000.0,3533994000.0,0.8737643284983639,True,True,
1403475,Bank of Marin Bancorp,4314209000.0,3808550000.0,0.8827921873975044,True,True,
740663,FIRST OF LONG ISLAND CORP,4281511000.0,3464634000.0,0.8162872704583105,True,True,
717538,ARROW FINANCIAL CORPORATION,4272911000.0,3687566000.0,0.8843363866673957,True,True,
1606363,"Green Bancorp, Inc.",4261916000.0,3397143000.0,0.8384718628550529,True,True,
1407067,Franklin Financial Network Inc.,4249439000.0,3431807000.0,0.8368141408400805,True,True,
1499422,RBB Bancorp,4228194000.0,3385532000.0,0.8260271391013299,True,True,
1746109,Bank First Corporation,4221842000.0,3432920000.0,0.8683902485270457,True,True,
1060523,CARDINAL FINANCIAL CORP,4210514000.0,3282700000.0,0.7796435304573266,True,True,
1609951,National Commerce Corp,4205488000.0,3432289000.0,854.8921869361242,True,True,
1163668,"South Plains Financial, Inc.",4204793000.0,3626153000.0,0.8648431602984875,True,True,
1483195,ORITANI FINANCIAL CORP,4122391000.0,2945593000.0,0.7145350841295743,True,True,
1090009,"Southern First Bancshares, Inc.",4055789000.0,3379564000.0,0.8763575234451801,True,True,
1452857,STEEL PARTNERS HOLDINGS L.P.,3990440000.0,2081692000.0,0.5216697908000121,False,False,no_deposit_interest
743367,BAR HARBOR BANKSHARES,3983941000.0,3141157000.0,0.8218798872974548,True,True,
1680379,"STERLING BANCORP, INC.",3914045000.0,3130513000.0,0.8340542442737546,True,True,
903419,ALERUS FINANCIAL CORP,3907713000.0,3095611000.0,0.8608361327335734,True,True,
944745,"Civista Bancshares, Inc.",3861418000.0,2985028000.0,0.8140079273167143,True,True,
1325670,Primis Financial Corp.,3856546000.0,3293404000.0,0.8579122077679853,True,True,
1028734,COBIZ FINANCIAL INC,3846272000.0,3225220000.0,0.8385314403141535,True,True,
1228454,BCB BANCORP INC,3832397000.0,2979080000.0,0.863143330071359,True,True,
1056943,PEOPLES FINANCIAL SERVICES CORP.,3825799000.0,3365083000.0,0.8795765276743499,True,True,
1166928,"WEST BANCORPORATION, INC.",3825758000.0,3016005000.0,0.8616662300250757,True,True,
1437958,COASTAL FINANCIAL CORPORATION,3750005000.0,3360363000.0,0.8968968896804688,True,True,
1130144,SIERRA BANCORP,3738880000.0,2869720000.0,0.8496294061696417,True,True,
1324410,GUARANTY BANCORP,3698890000.0,2941627000.0,0.8017651949678398,True,True,
1668224,"HarborOne Bancorp, Inc.",3653121000.0,2685061000.0,0.7818312436261697,True,True,
1964333,Burke & Herbert Financial Services Corp.,3617579000.0,3001881000.0,0.8327646974161467,True,True,
1461755,"ATLANTIC CAPITAL BANCSHARES, INC.",3615617000.0,3161508000.0,0.8744034558970156,True,True,
1275168,FIVE STAR BANCORP,3593125000.0,3032210000.0,0.9131093043431528,True,True,
1408534,"FIRST GUARANTY BANCSHARES, INC.",3552772000.0,3009094000.0,0.9021486247967423,True,True,
1747068,"METROCITY BANKSHARES, INC.",3511027000.0,2730936000.0,0.8684828813736781,True,True,
1521951,"FIRST BUSINESS FINANCIAL SERVICES, INC.",3507846000.0,2796779000.0,0.8850501183728461,True,True,
1636286,Altabancorp,3366228000.0,2916308000.0,0.8663429809270198,True,True,
1058867,"GUARANTY BANCSHARES, INC.",3351495000.0,2681154000.0,0.8654460203430253,True,True,
741516,AMERICAN NATIONAL BANKSHARES INC.,3334597000.0,2890353000.0,0.8667773047237792,True,True,
1436425,"HOME BANCORP, INC.",3320122000.0,2670624000.0,0.8630491545290316,True,True,
859070,FIRST COMMUNITY BANKSHARES INC /VA/,3284225000.0,2746136000.0,0.854398111264951,True,True,
792966,"FARMERS & MERCHANTS BANCORP, INC.",3283229000.0,2607463000.0,0.8358864734198321,True,True,
1143155,"XENITH BANKSHARES, INC.",3267192000.0,2571970000.0,0.8253603686457497,True,True,
1499453,"Spirit of Texas Bancshares, Inc.",3266038000.0,2782391000.0,0.8519162973609002,True,True,
1676479,"CAPSTAR FINANCIAL HOLDINGS, INC.",3264540000.0,2796680000.0,0.8605079549221081,True,True,
842717,"BLUE RIDGE BANKSHARES, INC.",3262713000.0,2776151000.0,0.8621580337836038,True,True,
1507277,PARK STERLING CORP,3255395000.0,2513752000.0,0.7766336391087014,True,True,
1505732,"Bankwell Financial Group, Inc.",3252449000.0,2800818000.0,0.8647270814537851,True,True,
1641601,RIVER FINANCIAL CORPORATION,3235250000.0,2776750000.0,0.8979400420757363,True,True,
1071236,"Red River Bancshares, Inc.",3224710000.0,2910348000.0,0.9079536482145765,True,True,
711669,"COLONY BANKCORP, INC",3093823000.0,2591332000.0,0.8821914652925736,True,True,
865911,CASCADE BANCORP,3079058000.0,2661813000.0,0.8644893990304827,True,True,
826154,"ORRSTOWN FINANCIAL SERVICES, INC.",3064240000.0,2558814000.0,0.8695969222790798,True,True,
1511198,"FIRST CONNECTICUT BANCORP, INC.",3055050000.0,2434100000.0,0.7967463707631627,True,True,
1522420,"BSB BANCORP, INC.",3030101000.0,1960912000.0,0.7002635533030763,True,True,
1606440,"Reliant Bancorp, Inc.",3026535000.0,2579235000.0,0.8522072270765083,True,True,
1327607,"FIRST WESTERN FINANCIAL, INC.",3002753000.0,2529039000.0,0.872685499323637,True,True,
1543643,CU Bancorp,2994760000.0,2607389000.0,0.8706504027033886,True,True,
739421,CITIZENS FINANCIAL SERVICES INC,2975321000.0,2335135000.0,0.856468440380752,True,True,
1530249,"FS BANCORP, INC.",2972669000.0,2522323000.0,0.8606964873672285,True,True,
765207,"FIRST BANCORP, INC",2946698000.0,2599937000.0,0.8830890796935879,True,True,
1053584,MACATAWA BANK CORPORATION,2928751000.0,2615142000.0,0.8996267181851301,True,True,
1176316,ACCESS NATIONAL CORP,2873894000.0,2234148000.0,0.7773940166199589,True,True,
1602658,Investar Holding Corporation,2815155000.0,2255727000.0,0.8436509108098311,True,True,
707886,UNITED COMMUNITY FINANCIAL CORP,2811357000.0,2213220000.0,0.787242602060144,True,True,
1163370,"NORTHRIM BANCORP, INC.",2807497000.0,2485055000.0,0.892642909332398,True,True,
1601545,"BLUE HILLS BANCORP, INC.",2805575000.0,2137557000.0,0.764419603375654,True,True,
1527383,BankGuam Holding Co,2791588000.0,2533231000.0,0.9256423973954386,True,False,
1423869,PCB Bancorp,2789506000.0,2351612000.0,0.8685414713906597,True,True,
715579,ACNB Corporation,2786987000.0,2426389000.0,0.8707063571789744,True,True,
1874071,"Ponce Financial Group, Inc.",2750722000.0,1507620000.0,0.7597073856781611,True,True,
1070524,"GREENE COUNTY BANCORP, INC.",2736688000.0,2420481000.0,0.9006873720125538,True,True,
763563,CHEMUNG FINANCIAL CORPORATION,2710529000.0,2473499000.0,0.9134603524440568,True,True,
1756701,"LINKBANCORP, Inc.",2669325000.0,2198799000.0,0.8733075074963217,True,True,
1630856,Professional Holding Corp.,2664111000.0,2371388000.0,0.8901235721784866,True,True,
1123270,BANK MUTUAL CORP,2648524000.0,1864730000.0,0.7176143718624696,True,True,
1000209,MEDALLION FINANCIAL CORP,2587827000.0,1866657000.0,0.7250357320547309,True,False,
1157647,"Western New England Bancorp, Inc.",2585005000.0,2256898000.0,0.8890938278657041,True,True,
920427,"Unity Bancorp, Inc.",2578507000.0,1924140000.0,0.864861954464568,True,True,
803164,"ChoiceOne Financial Services, Inc.",2576706000.0,2133195000.0,0.8877110039544577,True,True,
1730984,BAYCOM CORP,2574386000.0,2159444000.0,0.8864266483864909,True,True,
708781,"CASS INFORMATION SYSTEMS, INC.",2573023000.0,1257217000.0,0.4886147539295218,True,False,
1084717,PACIFIC CONTINENTAL CORP,2541437000.0,2148103000.0,0.8452316543750642,True,True,
1390162,Howard Bancorp Inc,2537991000.0,1975414000.0,0.789438494907363,True,True,
1412707,"LEVEL ONE BANCORP, INC.",2515869000.0,2040082000.0,0.8609772910133091,True,True,
810958,CITIZENS & NORTHERN CORPORATION,2515584000.0,2024997000.0,0.8270408584115811,True,True,
1098151,FIDELITY D & D BANCORP INC,2503159000.0,2169865000.0,0.9110908638345894,True,True,
1754226,"ORANGE COUNTY BANCORP, INC.",2485468000.0,2105031000.0,0.8945052542560195,True,True,
914374,SOUTHWEST BANCORP INC,2475392000.0,1946018000.0,0.7993582580052286,True,True,
1127371,COMMUNITY WEST BANCSHARES,2450139000.0,2148842000.0,0.8823512262463152,True,True,
1689731,"Southern States Bancshares, Inc.",2446663000.0,2018189000.0,0.8731392264747065,True,True,
913341,C & F FINANCIAL CORPORATION,2438498000.0,2066130000.0,0.8591713733596248,True,True,
806279,"CODORUS VALLEY BANCORP, INC.",2418572000.0,2143765000.0,0.8863763410806046,True,True,
855874,THE COMMUNITY FINANCIAL CORPORATION,2410017000.0,2088463000.0,0.8834953375275962,True,True,
764811,CommunityOne Bancorp,2397265000.0,1947537000.0,0.8123995469837503,True,True,
1795815,Southern California Bancorp \ CA,2360252000.0,1983857000.0,0.8574580673213612,True,True,
1710482,"John Marshall Bancorp, Inc.",2348235000.0,2067740000.0,0.8805507114918226,True,True,
1675644,"FVCBankcorp, Inc.",2344322000.0,1995971000.0,0.8812588775037409,True,True,
1901637,"USCB Financial Holdings, Inc.",2339093000.0,1937139000.0,0.8770021967232292,True,True,
1435508,"FIRST SAVINGS FINANCIAL GROUP, INC.",2308092000.0,1683846000.0,0.7747500207171581,True,True,
1382230,"ESSA Bancorp, Inc.",2293246000.0,1661016000.0,0.8749632027472427,True,True,
1074902,LCNB CORP,2291592000.0,1824389000.0,0.8556388876193838,True,True,
1716697,FIRST CHOICE BANCORP,2283115000.0,1634158000.0,0.8549272788630164,True,True,
1419536,"CAPITAL BANCORP, INC",2272484000.0,1967988000.0,0.8819600997652067,True,True,
1828588,"Hanover Bancorp, Inc. /NY",2270060000.0,1904595000.0,0.8390064579790842,True,True,
1017793,SUN BANCORP INC /NJ/,2262262000.0,1746102000.0,0.7898826735378525,True,False,
885322,ANCHOR BANCORP WISCONSIN INC,2248498000.0,1840724000.0,0.8186460472724458,True,True,
1750735,Meridian Corp,2246193000.0,1823462000.0,0.8441558896327453,True,True,
1447051,Territorial Bancorp Inc.,2236672000.0,1716152000.0,0.7971146485308751,True,True,
1569994,"Waterstone Financial, Inc.",2221358000.0,1233386000.0,0.5901602227131151,True,True,
842518,"EVANS BANCORP, INC.",2210640000.0,1937037000.0,0.8762335794159157,True,True,
716605,"PENNS WOODS BANCORP, INC.",2204809000.0,1621315000.0,0.835381018946223,True,True,
1556727,First Northwest Bancorp,2201797000.0,1676892000.0,0.8227555215006551,True,True,
1013272,NORWOOD FINANCIAL CORP,2201079000.0,1795159000.0,0.8493060685403557,True,True,
754673,SUFFOLK BANCORP,2168592000.0,1838182000.0,0.8785498766662955,True,True,
1006424,"Bear State Financial, Inc.",2160963000.0,1644080000.0,0.8372407062538798,True,True,
1132651,AMES NATIONAL CORPORATION,2155481000.0,1897957000.0,0.8890036469648128,True,True,
1722010,OP BANCORP,2147730000.0,1885771000.0,0.9003455244863087,True,True,
1315399,"PARKE BANCORP, INC.",2136445000.0,1768410000.0,0.8277348586085764,True,True,
842517,Isabella Bank Corp,2118490000.0,1769474000.0,0.8591357688422262,True,True,
919864,FINWARD BANCORP,2108279000.0,1813421000.0,0.8849034054134431,True,True,
1478454,"Eagle Bancorp Montana, Inc.",2075666000.0,1635272000.0,0.8514011167706413,True,True,
1094810,MUTUALFIRST FINANCIAL INC,2063776000.0,1553478000.0,0.7565043689723664,True,True,
726517,MERCHANTS BANCSHARES INC,2062658000.0,1551439000.0,0.7675690678530029,True,True,
1846017,BLUE FOUNDRY BANCORP,2060576000.0,1356184000.0,0.6981476886519032,True,True,
1070680,CF BANKSHARES INC.,2058615000.0,1744057000.0,0.8718258712078494,True,True,
1167419,"RIOT PLATFORMS, INC.",2051080000.0,266170000.0,0.17488311340168253,False,False,no_deposit_interest
1752036,CALIFORNIA BANCORP,2042215000.0,1791740000.0,0.8773513072815546,True,True,
1693577,"MainStreet Bancshares, Inc.",2035432000.0,1686127000.0,0.8752900652095195,True,True,
921547,HERITAGE OAKS BANCORP,2024890000.0,1683895000.0,0.8315982596585494,False,True,no_deposit_interest
1476264,"WASHINGTONFIRST BANKSHARES, INC.",2002911000.0,1522741000.0,0.7962192125728441,True,True,
1028954,SB ONE BANCORP,2001657000.0,1525041000.0,0.7787194483980734,True,True,
1437479,ENB Financial Corp,2000824000.0,1726798000.0,0.8817689200501851,True,True,
1572334,VIRGINIA NATIONAL BANKSHARES CORPORATION,1972184000.0,1796170000.0,0.9107517351322189,True,True,
1431567,Oak Valley Bancorp,1968346000.0,1814297000.0,0.9217368287892475,True,True,
1769663,"Pioneer Bancorp, Inc./MD",1963407000.0,1638835000.0,0.856621787902265,True,True,
887919,"PREMIER FINANCIAL BANCORP, INC.",1945822000.0,1633740000.0,0.8550942291535918,True,True,
745981,MIDSOUTH BANCORP INC,1943340000.0,1579430000.0,0.8328970206458881,True,True,
763907,First United Corporation,1928201000.0,1570733000.0,0.8498860223280447,True,True,
893847,"HAWTHORN BANCSHARES, INC.",1923540000.0,1632079000.0,0.8484767667945559,True,True,
1913971,"PRINCETON BANCORP, INC.",1916497000.0,1637966000.0,0.856881213403947,True,True,
1114927,First Northern Community Bancorp,1902328000.0,1746344000.0,0.9227904183105238,False,True,no_deposit_interest
1046050,"TIMBERLAND BANCORP, INC.",1895115000.0,1627069000.0,0.8814552845119454,True,True,
1691337,PCSB Financial Corporation,1888121000.0,1523067000.0,0.8926869011824644,True,True,
1035976,"FNCB Bancorp, Inc.",1880986000.0,1528982000.0,0.8851908167519301,True,True,
1367859,"CITIZENS COMMUNITY BANCORP, INC.",1851391000.0,1519092000.0,0.8205138730824553,True,True,
723646,FRANKLIN FINANCIAL SERVICES CORPORATION,1836039000.0,1584359000.0,0.9128425333567901,False,True,no_deposit_interest
932781,First Community Corporation,1827688000.0,1511001000.0,1.0163499473202544,True,True,
836147,Middlefield Banc Corp.,1822883000.0,1456979000.0,0.8801856924565672,True,True,
1778784,"PROVIDENT BANCORP, INC.",1808440000.0,1489725000.0,0.8442198298369903,True,True,
1141807,1ST CONSTITUTION BANCORP,1806909000.0,1562839000.0,0.8649240221837403,True,True,
1498415,"HCBF Holding Company, Inc.",1789890000.0,1478808000.0,0.826200492767712,False,True,no_deposit_interest
713095,FARMERS CAPITAL BANK CORP,1775950000.0,1379903000.0,0.8243778496802623,True,True,
1746129,BANK7 CORP.,1772399000.0,1593572000.0,0.9035652130549203,True,True,
1847398,"NORTHEAST COMMUNITY BANCORP, INC.",1764135000.0,1400036000.0,0.7970349744531465,True,True,
702513,Bank of Commerce Holdings,1763954000.0,1542779000.0,0.8805197582454566,True,True,
1263762,"SELECT BANCORP, INC.",1730045000.0,1485817000.0,0.8588314176798869,True,True,
1609132,"C1 Financial, Inc.",1725520000.0,1278265000.0,0.740799874820344,True,True,
750558,QNB Corp.,1706318000.0,1488713000.0,0.8806340804278339,True,True,
796534,National Bankshares Inc.,1702175000.0,1542725000.0,0.9202827812264825,True,True,
1303942,BANKFINANCIAL CORPORATION,1700682000.0,1488431000.0,0.8751965388003166,True,True,
1041368,"RIVERVIEW BANCORP, INC.",1683076000.0,1473454000.0,0.8754530395537694,True,True,
1449794,"Embassy Bancorp, Inc.",1675980000.0,1521107000.0,0.9273759058959522,True,True,
1592329,Clifton Bancorp Inc.,1669474000.0,935246000.0,0.5858561255483076,True,True,
1500213,"SI Financial Group, Inc.",1649827000.0,1288031000.0,0.7807067043999159,True,True,
1062438,PULASKI FINANCIAL CORP,1645735729.0,1214219501.0,0.7377973751215801,True,True,
832090,Partners Bancorp,1644979000.0,1442876000.0,0.8771394650022888,True,True,
1323648,Community Bankers Trust Corp,1644809000.0,1398701000.0,0.8503729004401119,True,True,
1478726,CHARTER FINANCIAL CORP,1643672542.0,1343997345.0,0.8176795016388367,True,True,
731122,MUNCY COLUMBIA FINANCIAL CORPORATION,1639779000.0,1150669000.0,0.7227911874188306,True,True,
1522327,ENTEGRA FINANCIAL CORP.,1636441000.0,1221240000.0,0.7462780509654794,True,True,
1093672,"Peoples Bancorp of North Carolina, Inc.",1635910000.0,1435215000.0,0.885428523307959,True,True,
1168455,Plumas Bancorp,1621044000.0,1457809000.0,0.8993025482343477,True,False,
1531031,"Esquire Financial Holdings, Inc.",1616876000.0,1407299000.0,0.8800527930216911,True,False,
1411303,"Cape Bancorp, Inc.",1601985000.0,1313381000.0,0.8198460035518434,True,True,
1109546,PACIFIC MERCANTILE BANCORP,1587590000.0,1383347000.0,0.8778028016400614,True,True,
1141688,"Landmark Bancorp, Inc.",1561672000.0,1316251000.0,0.8654451791143195,True,True,
933590,"Your Community Bankshares, Inc.",1556015000.0,1262064000.0,0.8110872967162913,True,True,
818677,SECURITY FEDERAL CORPORATION,1549671000.0,1194997000.0,0.8576321804099863,True,True,
1649739,BAYFIRST FINANCIAL CORP.,1544691000.0,1017796000.0,0.8975439580450785,True,True,
1401564,"FIRST FINANCIAL NORTHWEST, INC.",1525568000.0,1210410000.0,0.8115056203722983,True,True,
1470205,"County Bancorp, Inc.",1521027000.0,1223347000.0,0.8042901276571685,True,True,
846931,Lake Sunapee Bank Group,1517774000.0,1157352000.0,0.7625324982507277,True,True,
1414374,PARAGON COMMERCIAL CORP,1503767000.0,1172255000.0,0.7795456343968181,True,True,
36506,MACKINAC FINANCIAL CORPORATION,1501730000.0,1258776000.0,0.838217256097967,True,True,
706863,"UNION BANKSHARES, INC.",1468879000.0,1305603000.0,0.9092390499234606,True,True,
1609065,"PATHFINDER BANCORP, INC.",1465798000.0,1127853000.0,0.8211678235760522,True,True,
1358356,"LIMESTONE BANCORP, INC.",1462455000.0,1208668000.0,0.9254523453656603,True,True,
1767837,"Richmond Mutual Bancorporation, Inc.",1461023801.0,1053908809.0,0.7569584171470216,True,True,
1605301,"CB FINANCIAL SERVICES, INC.",1456091000.0,1268503000.0,0.9003256353366862,True,True,
1075706,CITIZENS HOLDING COMPANY,1450692000.0,1194697000.0,0.850931611328007,True,True,
740971,OLD POINT FINANCIAL CORPORATION,1447063000.0,1237608000.0,0.8796432401328695,True,True,
1587987,NEWTEK BUSINESS SERVICES CORP.,1429513000.0,463505000.0,0.32423979355206983,True,True,
99771,TRINITY CAPITAL CORP,1425437000.0,1253958000.0,0.8963341279570546,True,True,
719402,FIRST NATIONAL CORP /VA/,1419295000.0,1248752000.0,0.906490003162008,True,True,
737875,FIRST KEYSTONE CORPORATION,1415870000.0,1077969000.0,0.8164267050403302,True,True,
1001171,BROADWAY FINANCIAL CORPORATION,1406654000.0,788052000.0,0.7206661149240287,True,True,
1047170,EASTERN VIRGINIA BANKSHARES INC,1398593000.0,1051361000.0,0.7782835741004295,True,True,
707605,AMERISERV FINANCIAL INC /PA/,1389638000.0,1158360000.0,0.8531088082901555,True,True,
1590799,Riverview Financial Corp,1357554000.0,1026480000.0,0.8830787190258816,True,True,
1118237,MBT FINANCIAL CORP,1357283000.0,1199717000.0,0.8892283029790266,True,True,
1703489,PDL Community Bancorp,1355231000.0,1029579000.0,0.8632116437556293,True,True,
894671,OHIO VALLEY BANC CORP,1352135000.0,1127136000.0,0.8487496149198827,True,True,
767405,"SB FINANCIAL GROUP, INC.",1343249000.0,1113045000.0,0.836338922225879,True,True,
1751783,"Rhinebeck Bancorp, Inc",1335977000.0,1129933000.0,0.8760306857673396,True,True,
1137547,UNITED SECURITY BANCSHARES,1330944000.0,1188106000.0,0.8970830353919702,True,True,
1010470,"PROVIDENT FINANCIAL HOLDINGS, INC.",1313115000.0,956348000.0,0.8088159302438673,False,True,no_deposit_interest
1578776,"Prudential Bancorp, Inc.",1295401000.0,752363000.0,0.7089179516313839,True,True,
914138,MIDDLEBURG FINANCIAL CORP,1294863000.0,1053058000.0,0.8274575037932869,True,True,
740806,F&M Bank Corp.,1294596000.0,1133910000.0,0.8859655453515093,True,True,
1914605,"ECB BANCORP, INC.",1280335000.0,868214000.0,0.8578596195886203,True,True,
1469134,"First Community Financial Partners, Inc.",1268210000.0,1083156000.0,0.8540825257646604,True,True,
1163199,FNB BANCORP/CA/,1265238000.0,1050295000.0,0.8744517938825045,True,True,
1550603,"MALVERN BANCORP, INC.",1262832000.0,943819000.0,0.7914394727714187,True,True,
703329,FIRST FARMERS & MERCHANTS CORP,1260310000.0,1103801000.0,0.8758170608818465,True,True,
1000232,"KENTUCKY BANCSHARES, INC.",1239505000.0,978604000.0,0.7895119422672761,True,True,
1392272,"Chain Bridge Bancorp, Inc.",1205202000.0,1112025000.0,0.9226876490414055,True,True,
1126961,GrandSouth Bancorporation,1203722000.0,1059041000.0,0.8798053038824579,True,True,
811831,NORTHEAST BANCORP /ME/,1194127000.0,985591000.0,0.8290757303297557,True,True,
880417,CSB BANCORP INC /OH,1178689000.0,1027427000.0,0.8829349810371424,True,True,
1046203,"Guaranty Federal Bancshares, Inc.",1172910304.0,1016318755.0,0.8664931593950768,True,True,
881790,HF FINANCIAL CORP,1171885000.0,941682000.0,0.8035617829394522,True,True,
1616297,"AVENUE FINANCIAL HOLDINGS, INC.",1165454000.0,969603000.0,0.8319530414756824,True,True,
1364856,"Monarch Financial Holdings, Inc.",1161448155.0,999093598.0,0.8602136855605061,True,True,
713671,DNB FINANCIAL CORP /PA/,1158235000.0,984566000.0,0.8500571991003553,True,True,
1070296,"FIRST CAPITAL, INC.",1157880000.0,1060396000.0,0.9209623067569915,True,True,
1376227,"United States Natural Gas Fund, LP",1157628345.0,631938294.0,1.113159710401052,False,False,no_deposit_interest
1051343,COMMUNITY WEST BANCSHARES,1157052000.0,950131000.0,0.876250175060728,True,True,
921183,"HMN Financial, Inc.",1154171000.0,1043588000.0,0.904188374166393,True,True,
1098146,"PATRIOT NATIONAL BANCORP, INC.",1136731000.0,860446000.0,0.8246883383380026,True,True,
1034594,BAY BANKS OF VIRGINIA INC,1131923000.0,910440000.0,0.8043303298899307,True,True,
1485176,Fox Chase Bancorp Inc,1125603000.0,764974000.0,0.6796126165264307,True,True,
2013639,"FB Bancorp, Inc.",1124932000.0,769288000.0,0.6838528906636134,True,True,
1951276,"SR Bancorp, Inc.",1108452000.0,877294000.0,0.7914587190063259,False,True,no_deposit_interest
750574,"Auburn National Bancorporation, Inc.",1105150000.0,994243000.0,0.9358480058677202,True,True,
718413,Community Bancorp./VT,1099344934.0,922972279.0,0.8740001728375415,True,True,
1343034,TWO RIVER BANCORP,1096419000.0,917354000.0,0.8366819619141952,True,True,
275119,BAYLAKE CORP,1093917000.0,866195000.0,0.7918288133377578,True,True,
1087456,UNITED BANCSHARES INC/OH,1087293000.0,953883000.0,0.8773007827696858,True,True,
1006830,"CONSUMERS BANCORP, INC.",1081344000.0,961374000.0,0.9090869547127419,True,True,
717806,"FIRST US BANCSHARES, INC",1072940000.0,950191000.0,0.8898728311145176,True,True,
898171,UWHARRIE CAPITAL CORP,1072591000.0,990289000.0,0.9256750314544187,True,True,
858800,EMCLAIRE FINANCIAL CORP,1059508000.0,918496000.0,0.8727595842598962,True,True,
1492915,STANDARD AVB FINANCIAL CORP.,1051588000.0,809240000.0,0.7695409228709342,True,True,
1657642,"SKYLINE BANKSHARES, INC.",1045843000.0,928742000.0,0.9224171973692387,True,True,
1444397,Ocean Shore Holding Co.,1043379000.0,812033000.0,0.7782723248215653,True,True,
1442741,"Xenith Bankshares, Inc.",1039496000.0,889030000.0,0.8552510062568783,False,True,no_deposit_interest
1541119,"Sound Financial Bancorp, Inc.",1030176000.0,860875000.0,0.8683297693759708,True,True,
1027183,FIRST SOUTH BANCORP INC /VA/,990701914.0,870600363.0,0.8787712536911481,True,True,
1275101,"BANK OF THE JAMES FINANCIAL GROUP, INC.",987634000.0,887056000.0,0.9160317498311455,True,True,
1404296,Atlantic Coast Financial CORP,983256000.0,675803000.0,0.6924974020864855,True,True,
868271,"Severn Bancorp, Inc.",974233000.0,806456000.0,0.8466258570389259,True,True,
1635840,"Provident Bancorp, Inc.",974079000.0,768096000.0,0.8313045502152915,True,True,
1023860,STEWARDSHIP FINANCIAL CORP,955630000.0,782091000.0,0.8424057791744674,True,True,
1787414,Bogota Financial Corp.,951099003.0,701411449.0,0.7673485359070683,True,True,
1526952,"Wellesley Bancorp, Inc.",945218000.0,752467000.0,0.8238633494755686,True,True,
1599891,"SUNSHINE BANCORP, INC.",931435000.0,729949000.0,0.7867899421406956,True,True,
1041550,HOPFED BANCORP INC,931399000.0,754009000.0,0.8220903076436422,True,True,
1302387,"BV FINANCIAL, INC.",931377000.0,684618000.0,0.8102342942827082,True,True,
1734902,Weidai Ltd.,918695000.0,212505000.0,0.23131180642106466,False,False,no_deposit_interest
1337068,"Magyar Bancorp, Inc.",916739000.0,763548000.0,0.8542554596517943,True,True,
1514743,"IF Bancorp, Inc.",910783000.0,687148000.0,0.8312843333695759,True,True,
1390312,"BANCORP OF NEW JERSEY, INC.",887407000.0,788293000.0,0.8883105497252106,True,True,
1828376,WILLIAM PENN BANCORPORATION,870944000.0,626663000.0,0.7998089821265675,True,True,
714712,JUNIATA VALLEY FINANCIAL CORP.,870555000.0,757442000.0,0.879302819092374,True,True,
1083643,"Fauquier Bankshares, Inc.",867173000.0,766119000.0,0.8842871614441533,True,True,
770460,PEOPLES FINANCIAL CORP /MS/,861639000.0,785780000.0,0.9119596489945325,True,True,
1594555,"HV Bancorp, Inc.",861607000.0,730826000.0,0.891059630342059,True,True,
1031233,PINNACLE BANKSHARES CORPORATION,860514000.0,781336000.0,0.9079875516261211,False,True,no_deposit_interest
1823406,"Affinity Bancshares, Inc.",855431000.0,709045000.0,0.830514493550348,True,True,
1586454,Prime Meridian Holding Co,854528000.0,762942000.0,0.907051644052059,True,True,
922487,ROYAL BANCSHARES OF PENNSYLVANIA INC,832485000.0,629546000.0,0.7562250370877553,True,True,
1163389,"New     Peoples Bankshares, Inc.",826313000.0,716467000.0,0.8934027894211448,True,True,
774569,CORTLAND BANCORP INC,821305000.0,700510000.0,0.8529230919086088,True,True,
731653,UNITED BANCORP INC /OH/,819449000.0,649913000.0,0.8857577295170538,True,True,
1667161,"Randolph Bancorp, Inc.",803278000.0,638147000.0,0.8069542205275562,True,True,
1698022,"Farmers and Merchants Bancshares, Inc.",799941000.0,680963000.0,0.8740540677546688,True,True,
1520300,ASB Bancorp Inc,795823000.0,647623000.0,0.8137776867469274,True,True,
1391933,"QUAINT OAK BANCORP, INC.",792350000.0,631699000.0,0.8376659886118618,True,True,
1288855,"OPTIMUMBANK HOLDINGS, INC.",791254000.0,639581000.0,0.8678785206905449,True,True,
1016178,"CARVER BANCORP, INC.",775307000.0,662817000.0,0.8688944404454418,True,True,
1290476,VILLAGE BANK AND TRUST FINANCIAL CORP.,748401000.0,664048000.0,0.887289033552868,True,True,
1585023,"COASTWAY BANCORP, INC.",738905000.0,476956000.0,0.6943810143264963,True,True,
1553326,"Westbury Bancorp, Inc.",732996000.0,629852000.0,0.8592843617154801,True,True,
1420525,"1st Century Bancshares, Inc.",731950000.0,598177000.0,0.8172375162237858,True,True,
1341318,"LAKE SHORE BANCORP, INC.",725118000.0,593184000.0,0.8310937191326241,True,True,
1040799,FOUR OAKS FINCORP INC,719883000.0,553531000.0,0.784414517484419,True,True,
1127160,CAROLINA BANK HOLDINGS INC,700798000.0,607307000.0,0.8665935119677853,True,True,
1007273,Bank of South Carolina Corporation,679220646.0,609191576.0,0.9163148106502389,True,True,
1355786,"CHICOPEE BANCORP, INC.",678574000.0,507109000.0,0.7473156943826318,True,True,
1766526,"Tectonic Financial, Inc.",677346000.0,526891000.0,0.8048914676035368,True,True,
1500375,"HOME FEDERAL BANCORP, INC. OF LOUISIANA",662602000.0,592505000.0,0.8988245456106483,True,True,
859222,"BAY BANCORP, INC.",658972924.0,572754560.0,0.8691625090198698,True,True,
1283582,First Clover Leaf Financial Corp.,654874257.0,533158293.0,0.8141384201639186,True,True,
1534155,"AMERI METRO, INC.",653065252.0,1500.0,0.0819403474270731,False,False,no_deposit_interest
1008579,HIGHLANDS BANKSHARES INC /VA/,616982000.0,502816000.0,0.8494360079805251,True,True,
1389772,FIRST PRIORITY FINANCIAL CORP.,609942000.0,523150000.0,0.8577045030511098,True,True,
1635261,MSB FINANCIAL CORP,593086000.0,472752000.0,0.7973021454958795,True,True,
1856365,FINWISE BANCORP,586221000.0,404833000.0,0.6967819463261364,True,True,
1668340,"BANCORP 34, INC.",581265000.0,487587000.0,0.8489518403732981,True,True,
1528843,Cheviot Financial Corp.,572000000.0,454885000.0,0.7952534965034965,True,True,
1943802,"First Seacoast Bancorp, Inc.",571035000.0,411785000.0,0.8073578142130354,True,True,
1501078,OCONEE FEDERAL FINANCIAL CORP.,565222000.0,455674000.0,0.8260806263077544,True,True,
1461640,HOMETOWN BANKSHARES CORP,564978000.0,493173000.0,0.8729065556534945,True,True,
1847360,"1895 Bancorp of Wisconsin, Inc.",557607000.0,403683000.0,0.7350611602745585,True,True,
315849,SOUTHWEST GEORGIA FINANCIAL CORP,555136268.0,473434163.0,0.8528251355395141,True,True,
1025877,DCB FINANCIAL CORP,549509000.0,476639000.0,0.8767200478879068,True,True,
1514131,UNITED COMMUNITY BANCORP,546219000.0,462040000.0,0.845887821551429,True,True,
1549276,"LaPorte Bancorp, Inc.",543191000.0,390959000.0,0.7197449884110746,True,True,
1769267,"First Seacoast Bancorp, Inc.",537424000.0,393243000.0,0.8073578142130354,True,True,
1652106,"PB BANCORP, INC.",535103000.0,387475000.0,0.7732287927074333,True,True,
1551739,"HAMILTON BANCORP, INC.",519952143.0,408324942.0,0.8169193383083864,True,True,
1751692,"1895 Bancorp of Wisconsin, Inc.",516757000.0,406137000.0,0.8441859159964997,True,True,
1354174,"SBT Bancorp, Inc.",509999000.0,457400000.0,0.9074946679232181,True,True,
1083689,SOUTHCOAST FINANCIAL CORP,502810000.0,339457000.0,0.6751198265746504,False,True,no_deposit_interest
2012726,"Fifth District Bancorp, Inc.",480797000.0,390003000.0,0.8111593874337818,True,True,
1437557,"LILIS ENERGY, INC.",480773000.0,2000000.0,0.5393743257820928,False,False,no_deposit_interest
1073475,CITIZENS FIRST CORP,475982000.0,388609000.0,0.8570205538883015,True,True,
1676667,"CAROLINA TRUST BANCSHARES, INC.",475104000.0,395149000.0,0.8525515717753982,True,True,
1179500,COMMUNITY FIRST INC,474511000.0,423407000.0,0.8923017590740784,True,True,
837852,"IDEANOMICS, INC.",473437000.0,2994364.0,0.15103427491302335,False,False,no_deposit_interest
1448301,ANCHOR BANCORP,472792000.0,338452000.0,0.7579220922285007,True,True,
1850398,"TC BANCSHARES, INC.",466583269.0,369868794.0,0.8404601966089894,True,True,
1178409,TIDELANDS BANCSHARES INC,466234743.0,420509982.0,0.901927598304273,False,True,no_deposit_interest
1511071,"Poage Bankshares, Inc.",458465000.0,374708000.0,0.8280746509129968,True,True,
1556266,"BAIYU Holdings, Inc.",455285021.0,1070598.0,0.12967417906451031,False,False,no_deposit_interest
1036030,WAYNE SAVINGS BANCSHARES INC /DE/,454791000.0,383733000.0,0.8437568025752489,True,True,
1979332,"Central Plains Bancshares, Inc.",454308000.0,407094000.0,0.8968428287866337,True,True,
1849466,"Texas Community Bancshares, Inc.",452044000.0,317241000.0,0.7847469279597381,True,True,
890066,GLEN BURNIE BANCORP,442066000.0,383247000.0,0.9515279103178514,True,True,
1849670,"PB BANKSHARES, INC",439748000.0,332966000.0,0.8405224390173033,True,True,
1500836,"WOLVERINE BANCORP, INC.",434435000.0,281701000.0,0.6742274653971992,True,True,
1823365,"GENERATIONS BANCORP NY, INC.",424496000.0,357606000.0,0.8438553568370318,True,True,
1845799,"Cullman Bancorp, Inc.",423229000.0,292949000.0,0.6921761032443429,False,True,no_deposit_interest
813640,CITIZENS BANCSHARES CORP /GA/,388620000.0,328862000.0,0.8462302506304359,True,True,
1158420,Green Giant Inc.,388518537.0,21939636.0,0.09374647049446984,False,False,no_deposit_interest
1810140,1847 GOEDEKER INC.,383592000.0,25000000.0,0.09545117863115374,False,False,no_deposit_interest
1091491,HCSB FINANCIAL CORP,375934000.0,330831000.0,0.9153567979901667,True,True,
1297341,KENTUCKY FIRST FEDERAL BANCORP,366247000.0,252359000.0,0.7073159110274003,True,True,
1879103,"CFSB Bancorp, Inc.",361829000.0,307560000.0,0.8500147859900671,True,True,
1787384,"FFBW, INC. /MD/",357077000.0,255250000.0,0.7434586507333566,True,True,
910679,WVS Financial Corp.,355588000.0,161385000.0,0.466926450019531,True,True,
1472494,"United States Brent Oil Fund, LP",350241278.0,54151411.0,0.415419110175813,False,False,no_deposit_interest
1466292,Cordia Bancorp Inc,348490000.0,290044000.0,0.8322878705271314,True,True,
1009976,COMMERCIAL BANCSHARES INC \OH\,341090000.0,296626000.0,0.869641443607259,True,True,
1881592,"NSTS Bancorp, Inc.",340869000.0,285621000.0,0.8379201394083944,True,True,
33992,"KINGSTONE COMPANIES, INC",331312275.0,46124685.0,0.18120226277266938,False,False,no_deposit_interest
1667939,"FSB BANCORP, INC.",328269000.0,235560000.0,0.7285886610373945,True,True,
1738758,"CHEER HOLDING, INC.",327632000.0,70400000.0,0.21487522586316354,False,False,no_deposit_interest
1484949,"JACKSONVILLE BANCORP, INC.",324996321.0,258677960.0,0.810093214724037,True,True,
1840317,PLUM ACQUISITION CORP. I,324041674.0,20000000.0,0.5679085283363213,False,False,no_deposit_interest
1600890,"MELROSE BANCORP, INC.",323954000.0,244056000.0,0.7998257545219303,True,True,
1691507,"COMMUNITY FIRST BANCSHARES, INC.",319294000.0,238181000.0,0.7459614023439213,True,True,
1542299,"Georgetown Bancorp, Inc.",318632000.0,240508000.0,0.7548143312661628,True,True,
1751700,"TEB Bancorp, Inc.",312253427.0,267049164.0,0.8552321316877012,True,True,
1675192,OTTAWA BANCORP INC,300531696.0,236313504.0,0.8275526075632705,True,True,
1523854,"WEST END INDIANA BANCSHARES, INC.",300151243.0,226980788.0,0.7943171865983231,True,True,
1094738,M&F BANCORP INC /NC/,298250000.0,254700000.0,0.8539815590947192,True,True,
1709017,"FFBW, INC.",292218000.0,217252000.0,0.7643766430005589,True,True,
1528610,Polonia Bancorp Inc,291610806.0,188222282.0,0.6454571577158906,True,True,
1852940,GOGREEN INVESTMENTS CORPORATION,285957989.0,291015198.0,1.0176851467506998,False,False,no_deposit_interest
1849867,"CATALYST BANCORP, INC.",285610000.0,176795000.0,0.7325624866481522,True,True,
934739,WELLS FINANCIAL CORP,274779000.0,239950000.0,0.8732472277721369,True,True,
1100542,ALAMOGORDO FINANCIAL CORP,270984407.0,225700313.0,0.8328904068638902,True,True,
1635626,Equitable Financial Corp.,270277410.0,226200499.0,0.8369197373912973,True,True,
1734875,"Mid-Southern Bancorp, Inc.",269218000.0,206064000.0,0.8597214125211544,True,True,
1601347,"PILGRIM BANCSHARES, INC.",265508000.0,190247000.0,0.8045908212078459,True,True,
2013792,"EWSB BANCORP, INC",262566961.0,230467629.0,0.8777480156766563,True,True,
1836100,GOAL ACQUISITIONS CORP.,262288567.0,1499971.0,0.45012570753627035,False,False,no_deposit_interest
1229146,SURREY BANCORP,257776555.0,212687961.0,0.8250865211539505,True,True,
1787005,"CINCINNATI BANCORP, INC.",251464039.0,204453561.0,0.8130528795013906,True,True,
1913838,"VWF Bancorp, Inc.",244222650.0,162865839.0,0.722500799673071,True,True,
1835385,"Marathon Bancorp, Inc. /MD/",236689606.0,203024188.0,0.8577655412549041,True,True,
1742089,"CBM BANCORP, INC.",234803603.0,174780122.0,0.8700629378882888,True,True,
1553643,"RELMADA THERAPEUTICS, INC.",223325811.0,36278519.0,0.3097124337544331,False,False,no_deposit_interest
1405528,"United States 12 Month Oil Fund, LP",219497639.0,162355168.0,1.3094327881288437,False,False,no_deposit_interest
1393781,Quality Industrial Corp.,216239791.0,1503279.0,1.4823862482176209,False,False,no_deposit_interest
1321070,"Ottawa Savings Bancorp, Inc.",213563351.0,176734908.0,0.8275526075632705,True,True,
1272754,"T Bancshares, Inc.",213095000.0,174675000.0,0.8197048264858396,True,True,
1708715,Seneca Financial Corp.,210238000.0,151911000.0,0.7406062783825142,True,True,
1576336,"AJS Bancorp, Inc.",208935000.0,165649000.0,0.792825519898533,True,True,
1881462,Spree Acquisition Corp. 1 Ltd,207199000.0,204000000.0,0.991518627427155,False,False,no_deposit_interest
1844981,StoneBridge Acquisition Corporation,206195454.0,2920785.0,0.07266066954057872,False,False,no_deposit_interest
1978811,"Gouverneur Bancorp, Inc.",205885000.0,160327000.0,0.7822928102661689,True,True,
1716188,"SSB Bancorp, Inc.",202631737.0,149020729.0,0.7743036021229949,True,True,
1967656,"PFS Bancorp, Inc.",201941000.0,180280000.0,0.8927359971476817,True,True,
1635484,Cincinnati Bancorp,197694061.0,142391756.0,0.7242220674561312,True,True,
1710350,"BIT DIGITAL, INC.",189328382.0,3246277.0,0.71875418600949,False,False,no_deposit_interest
1553830,"Citizens Independent Bancorp, Inc.",183795000.0,162325000.0,0.8831850703229142,True,True,
1852973,OXUS ACQUISITION CORP.,179449742.0,21920000.0,0.33319986084649605,False,False,no_deposit_interest
1844419,MAQUIA CAPITAL ACQUISITION CORPORATION,176402339.0,3780526.0,0.09971644904161824,False,False,no_deposit_interest
1841425,CENAQ Energy Corp.,174958342.0,1725000.0,0.27139526903767014,False,False,no_deposit_interest
1967306,"Mercer Bancorp, Inc.",166369526.0,130775912.0,0.7860568888078697,True,True,
1692415,"CO-DIAGNOSTICS, INC.",160034282.0,2200288.0,0.4719292473327691,False,False,no_deposit_interest
1611852,"Roan Holdings Group Co., Ltd.",158956571.0,8409210.0,0.1482238645143973,False,False,no_deposit_interest
1500837,"SUNSHINE FINANCIAL, INC.",157828000.0,130470000.0,0.8266594013736472,True,True,
1515069,"Carroll Bancorp, Inc.",151337267.0,122101162.0,0.8068149003906618,True,True,
1617291,MB Bancorp Inc,150349000.0,103308000.0,0.7083564971708387,True,True,
1218683,Mawson Infrastructure Group Inc.,145294372.0,15330000.0,0.1808502922460502,False,False,no_deposit_interest
1578505,"HOME BANCORP WISCONSIN, INC.",144074000.0,114151000.0,0.8001621838849499,True,True,
1699018,"EAGLE FINANCIAL BANCORP, INC.",142788000.0,111991000.0,0.862649064868547,True,True,
40570,GEE GROUP INC.,139021000.0,13298000.0,0.10757942254330116,False,False,no_deposit_interest
1667944,"WCF Bancorp, Inc.",137364472.0,88079831.0,0.7800479142339569,True,True,
1584770,"Edgewater Bancorp, Inc.",135375388.0,113330856.0,0.8371599717963505,True,True,
1700175,"HERITAGE NOLA BANCORP, INC.",131432000.0,88939000.0,0.757547314186604,True,True,
1178727,COMSOVEREIGN HOLDING CORP.,130877000.0,5400000.0,0.14294868635086508,False,False,no_deposit_interest
1577603,"DELANCO BANCORP, INC.",129955585.0,114780332.0,0.886171570752459,False,True,no_deposit_interest
1419275,RYVYL Inc.,128665000.0,6900000.0,0.07065545736608743,False,False,no_deposit_interest
1600065,"MW BANCORP, INC.",128521000.0,85088000.0,0.6687299230891813,True,True,
1644482,"NEW BANCORP, INC.",126879000.0,101688000.0,0.8014565058047431,True,True,
1705402,AGM GROUP HOLDINGS INC.,125230014.0,12522240.0,0.5060293195575735,False,False,no_deposit_interest
1889450,FUTURETECH II ACQUISITION CORP.,119474609.0,1150000.0,7.119718059164857,False,False,no_deposit_interest
1879373,Energem Corp.,117449581.0,128000.0,0.11206129752974878,False,False,no_deposit_interest
1907730,Yotta Acquisition Corporation,116982661.0,1000000.0,0.11662877980754618,False,False,no_deposit_interest
1389002,Marin Software Incorporated,116192000.0,18763000.0,0.22445993114946802,False,False,no_deposit_interest
1667840,"BEST HOMETOWN BANCORP, INC.",110293000.0,90407000.0,0.8265782857142857,True,True,
1353523,Congaree Bancshares Inc,109141050.0,90541366.0,0.829581225395944,False,True,no_deposit_interest
1881741,AROGO CAPITAL ACQUISITION CORP.,106076198.0,1309996.0,0.06697785045947713,False,False,no_deposit_interest
1769725,"EUREKA HOMESTEAD BANCORP, INC.",106004000.0,60963000.0,0.5884743472175298,True,True,
1777319,"CISO GLOBAL, INC.",104496815.0,250000.0,0.0555899224809649,False,False,no_deposit_interest
1413263,"CHINA JO-JO DRUGSTORES, INC.",102558144.0,2059331100.0,30.72470277883455,False,False,no_deposit_interest
1912582,FEUTUNE LIGHT ACQUISITION CORPORATION,101240621.0,377500.0,0.300176845908689,False,False,no_deposit_interest
1854963,"SHF Holdings, Inc.",99451937.0,8300000.0,0.08345739912536847,False,False,no_deposit_interest
1571398,Vecta Inc.,97502112.0,82854464.0,0.8777021387956113,True,True,
1311828,"Independence Bancshares, Inc.",97467306.0,83567325.0,0.881243549062098,True,True,
1592407,Sugar Creek Financial Corp./MD/,96774982.0,78027577.0,0.8089411268120477,True,True,
1596812,ENLIVEX THERAPEUTICS LTD.,95146000.0,47822000.0,2.3487023743787963,False,False,no_deposit_interest
1396878,"United States Gasoline Fund, LP",87046675.0,74219412.0,1.0686012609345001,False,False,no_deposit_interest
1553404,Pacific Green Technologies Inc.,86393619.0,14900000.0,0.4084505065444188,False,False,no_deposit_interest
1618798,"BEN FRANKLIN FINANCIAL, INC.",85265000.0,74031000.0,0.8750847639102038,True,True,
1651987,"Central Federal Bancshares, Inc",80893000.0,66615000.0,0.8234952344455021,True,True,
1706524,"URBAN-GRO, INC.",74156042.0,4878863.0,0.5978528404995588,False,False,no_deposit_interest
1059784,GENEREX BIOTECHNOLOGY CORP,73069456.0,500000.0,0.18495960297311465,False,False,no_deposit_interest
1978528,Quetta Acquisition Corporation,71224921.0,690000.0,1.44946442289574,False,False,no_deposit_interest
1422892,SINGULARITY FUTURE TECHNOLOGY LTD.,65256118.0,48930000.0,0.7498147530013968,False,False,no_deposit_interest
944792,UNITED BANCSHARES INC /PA,59008867.0,55962404.0,0.961700479352141,True,True,
1481028,"SUNHYDROGEN, INC.",59004953.0,5000000.0,0.09795960909805747,False,False,no_deposit_interest
1829999,FOXWAYNE ENTERPRISES ACQUISITION CORP.,58145787.0,287500.0,1.8773425970667745,False,False,no_deposit_interest
1854583,"ABRI SPAC I, INC.",57816739.0,525000.0,0.06517410921889637,False,False,no_deposit_interest
1815566,"Infobird Co., Ltd",57655499.0,1700000.0,0.10655278973066777,False,False,no_deposit_interest
1682593,"COMMUNITY SAVINGS BANCORP, INC.",57475000.0,45655000.0,0.8082819913603853,True,True,
1914805,CBL INTERNATIONAL LIMITED,53461908.0,17549000.0,0.32825240730278465,False,False,no_deposit_interest
1776067,Oriental Culture Holding LTD,53388848.0,31017513.0,0.5809736332951031,False,False,no_deposit_interest
1086303,"Hongchang International Co., Ltd",50215568.0,15603.0,0.16678959689574446,False,False,no_deposit_interest
1445831,NEWPOINT FINANCIAL CORP.,50169343.0,1000000.0,1.0622939813609897,False,False,no_deposit_interest
1684425,"TDH Holdings, Inc.",36513397.0,1307485.0,0.07501603898606757,False,False,no_deposit_interest
2033615,"MAGNOLIA BANCORP, INC.",35803000.0,20856000.0,0.5825210177918052,True,True,
1333822,SEMILEDS CORPORATION,35258000.0,3000000.0,0.17656406332764404,False,False,no_deposit_interest
1159275,KIWA BIO-TECH PRODUCTS GROUP CORP,32511042.0,33921.0,0.5371156221300314,False,False,no_deposit_interest
1676163,"SS INNOVATIONS INTERNATIONAL, INC.",31515994.0,4967456.0,0.17643147932011177,False,False,no_deposit_interest
704172,"PHI GROUP, INC.",30987242.0,260000.0,1.4193921725980883,False,False,no_deposit_interest
1084554,LIGHTBRIDGE CORPORATION,30083535.0,15700000.0,0.6289396862063672,False,False,no_deposit_interest
1622345,"POLAR POWER, INC.",28396000.0,2126000.0,0.08789482387960973,False,False,no_deposit_interest
216877,"PISMO COAST VILLAGE, INC.",27292342.0,9131743.0,0.36370745101491053,False,False,no_deposit_interest
812796,"SOLIGENIX, INC.",26869927.0,1000000.0,0.1353707167689934,False,False,no_deposit_interest
1405513,"United States 12 Month Natural Gas Fund, LP",25109987.0,11256800.0,0.9593376221554331,False,False,no_deposit_interest
1471781,GBT TECHNOLOGIES INC.,24545683.0,249675.0,0.2143931730790698,False,False,no_deposit_interest
1439567,"United States Short Oil Fund, LP",24473856.0,18714785.0,0.7880489141973934,False,False,no_deposit_interest
1922858,EF HUTTON ACQUISITION CORPORATION I,23368116.0,10043817.0,0.5922627283819133,False,False,no_deposit_interest
1829794,"Volcon, Inc.",22725613.0,5000000.0,0.3096906413470205,False,False,no_deposit_interest
1360565,"WHERE FOOD COMES FROM, INC.",19784000.0,727900.0,0.05032516040928826,False,False,no_deposit_interest
1807887,LASER PHOTONICS CORPORATION,18583377.0,6000000.0,0.3967181622269166,False,False,no_deposit_interest
356590,"Global Tech Industries Group, Inc.",18347244.0,128634.0,0.6742848755838151,False,False,no_deposit_interest
1697412,MIGOM GLOBAL CORP.,18283158.0,2476486.0,0.13545177126685506,True,False,
1168081,Desert Hawk Gold Corp.,16972556.0,926376.0,0.08983883287177889,False,False,no_deposit_interest
1832161,KeyStar Corp.,16267635.0,1424090.0,0.12172697343749349,False,False,no_deposit_interest
1837493,INSPIRA TECHNOLOGIES OXY B.H.N. LTD.,16166000.0,7120000.0,0.44043053321786463,False,False,no_deposit_interest
1951378,Qilun Group Inc.,15343379.0,2286017.0,0.3886469013335302,False,False,no_deposit_interest
1141284,"Actelis Networks, Inc",14819000.0,2000000.0,0.17924359204158452,False,False,no_deposit_interest
1156041,HOUSTON AMERICAN ENERGY CORP.,13955720.0,4500000.0,0.4192343606717923,False,False,no_deposit_interest
1613011,Code Rebel Corp,12069365.0,2200000.0,0.18227968082827886,False,False,no_deposit_interest
1896212,MURPHY CANYON ACQUISITION CORP.,12018000.0,1150000.0,5.395894428152492,False,False,no_deposit_interest
1654672,"PINEAPPLE, INC.",12009212.0,470680.0,0.6119450721181974,False,False,no_deposit_interest
2016337,PTL Limited,11036157.0,1144736.0,0.10372596185429403,False,False,no_deposit_interest
1948099,Mingteng International Corporation Inc.,10713491.0,1053664.0,0.09834926822638858,False,False,no_deposit_interest
1043894,WOLF ENERGY SERVICES INC.,9338888.0,1035706.0,0.811017139435671,False,False,no_deposit_interest
1456857,"MJ Holdings, Inc.",8842641.0,1250000.0,0.2799759623837736,False,False,no_deposit_interest
1396877,"UNITED STATES DIESEL-HEATING OIL FUND, LP",7834290.0,5169988.0,0.7587828214692888,False,False,no_deposit_interest
1347078,"Bitzio, Inc.",7334113.0,469730.0,0.06404728151856946,True,False,
1713210,AGAPE ATP CORPORATION,7210607.0,4817213.0,0.838579168156499,False,False,no_deposit_interest
1636051,FUSE GROUP HOLDING INC,6854394.0,1325000.0,0.1933066584733822,False,False,no_deposit_interest
1419793,"ORIGINCLEAR, INC.",6349489.0,977500.0,0.15394939655773873,False,False,no_deposit_interest
1021435,HOPTO     INC.,6248200.0,81400.0,0.06825995807127883,False,False,no_deposit_interest
1823635,"CXJ GROUP CO., Limited",5647190.0,82547.0,0.14663968848370296,False,False,no_deposit_interest
2033515,TOP WIN INTERNATIONAL LIMITED,5568298.0,1456631.0,0.2615935785045987,False,False,no_deposit_interest
1448705,"Basanite, Inc.",5211286.0,200000.0,0.08126236203682485,False,False,no_deposit_interest
1956744,"SRM Entertainment, Inc.",4966777.0,533516.0,0.256551854138656,False,False,no_deposit_interest
1536394,"U.S. Lighting Group, Inc.",4015000.0,250000.0,0.44802867383512546,False,False,no_deposit_interest
1422222,ADAMA TECHNOLOGIES CORP,3762730.0,3079788.0,0.8184982712020262,False,False,no_deposit_interest
1502557,KUN PENG INTERNATIONAL LTD.,3681516.0,428088.0,0.33922039721833064,False,False,no_deposit_interest
867028,"FOMO WORLDWIDE, INC.",3584157.0,21947.0,21947.0,False,False,no_deposit_interest
1657045,NEXT-ChemX Corporation,3399413.0,507114.0,0.9839346208919778,False,False,no_deposit_interest
924515,"GUIDED THERAPEUTICS, INC.",3366000.0,66000.0,0.2796610169491525,False,False,no_deposit_interest
1614826,"EDGE DATA SOLUTIONS, INC.",3095177.0,3197990.0,1.033217163348009,False,False,no_deposit_interest
918573,"GROOVE BOTANICALS, INC.",2712709.0,392269.0,0.14460415768886378,False,False,no_deposit_interest
948426,COATES INTERNATIONAL LTD DE,2407781.0,131000.0,0.05545595590616514,False,False,no_deposit_interest
1079297,"PROGREEN US, INC.",2326901.0,49559.0,0.21504366607193165,False,False,no_deposit_interest
1481504,"XERIANT, INC.",2280135.0,4621.0,0.6663302090843547,False,False,no_deposit_interest
1637866,"DEEP GREEN WASTE & RECYCLING, INC.",2121542.0,5000.0,0.17123874105277578,False,False,no_deposit_interest
1388319,"U.S. STEM CELL, INC.",1817089.0,100000.0,0.06257497263909322,False,False,no_deposit_interest
1593001,"NIGHTFOOD HOLDINGS, INC.",1550298.0,250000.0,0.4654670030441542,False,False,no_deposit_interest
1933567,"Neuraxis, Inc.",1480644.0,74947.0,0.14709969420880945,False,False,no_deposit_interest
1265848,US VR GLOBAL.COM INC.,1320000.0,2075000.0,1.571969696969697,False,False,no_deposit_interest
1673475,"GPO PLUS, INC.",1241225.0,338809.0,0.735012159485592,False,False,no_deposit_interest
1692981,"Diamond Holdings, Inc.",1107782.0,1518.0,0.09038942479456949,False,False,no_deposit_interest
1746119,VANGUARD GREEN INVESTMENT LIMITED,1077734.0,39332.0,2.4100309238500195,False,False,no_deposit_interest
1710495,PINEAPPLE EXPRESS CANNABIS CO,1075989.0,500000.0,217.3913043478261,False,False,no_deposit_interest
1437750,TREX Acquisition Corp.,810038.0,15000.0,0.06405083073927469,False,False,no_deposit_interest
1586495,LEET TECHNOLOGY INC.,793161.0,6225.0,0.08244596312778131,False,False,no_deposit_interest
1703625,"NAPC Defense, Inc.",770071.0,8700.0,0.5178571428571429,False,False,no_deposit_interest
1689490,"NetPay International, Inc.",739981.0,501000.0,3.5693929894556855,False,False,no_deposit_interest
1098009,America Great Health,603905.0,228671.0,0.5547277923060875,False,False,no_deposit_interest
1944212,DT CLOUD ACQUISITION CORPORATION,588264.0,180000.0,0.3059850679286851,False,False,no_deposit_interest
1376804,"VNUE, Inc.",501294.0,30000.0,0.13517105897513304,False,False,no_deposit_interest
1405249,"ArtVentive Medical Group, Inc.",453416.0,81530.0,0.17981279884256401,False,False,no_deposit_interest
90721,PERVASIP CORP,444543.0,147890.0,0.3326787284919569,False,False,no_deposit_interest
764630,SHOREPOWER TECHNOLOGIES INC.,434504.0,2725.0,49.54545454545455,False,False,no_deposit_interest
1439397,"NORTHSIGHT CAPITAL, INC.",411990.0,131000.0,0.31912224330756805,False,False,no_deposit_interest
1611742,ON THE MOVE CORP,356557.0,62778.0,0.17606722066878508,False,False,no_deposit_interest
1693687,Greenlit Ventures Inc.,249089.0,21000.0,0.08430721549325743,False,False,no_deposit_interest
1490873,ECO SCIENCE SOLUTIONS INC.,246575.0,14000.0,0.9637890678782872,False,False,no_deposit_interest
1607281,ELITE GROUP INC.,225474.0,125000.0,0.5543876455821958,False,False,no_deposit_interest
1614466,Kibush Capital Corp.,190891.0,155300.0,0.9656578971913221,False,False,no_deposit_interest
1941189,Tian'an Technology Group Ltd,177233.0,25803.0,0.3454124387566598,False,False,no_deposit_interest
1389067,ARtelligence Holdings Inc.,154353.0,2657.0,0.172219341457091,False,False,no_deposit_interest
1610764,Amchi Gendynamy Science Corp,77637.0,60445.0,0.7785591921377694,False,False,no_deposit_interest
1134982,"APPLE iSPORTS GROUP, INC.",69811.0,7000.0,1.0,False,False,no_deposit_interest
1168663,AMANASU TECHNO HOLDINGS CORPORATION,64519.0,61030.0,39.52720207253886,False,False,no_deposit_interest
1918884,Metaterra Corp.,54634.0,6000.0,0.10982172273675733,False,False,no_deposit_interest
1427644,"Telco Cuba, Inc.",41602.0,6201.0,0.19317155228809071,False,False,no_deposit_interest
1705458,EMPEROR PAPER INDUSTRIES LTD.,39488.0,24629.0,0.6237084683954619,False,False,no_deposit_interest
1746278,"GoLogiq, Inc.",35254.0,3870.0,0.9887583035258048,False,False,no_deposit_interest
