rank,cik,registrant_name,sic,sic_description,bank_sic,tickers,exchanges,peak_assets,peak_deposits,deposit_share,first_ten_k,last_ten_k,ten_k_count,foreign_annual_forms,coverage,exclusion
1,19617,JPMORGAN CHASE & CO,6021,National Commercial Banks,True,JPM|JPM-PC|AMJB|JPM-PD|JPM-PJ|JPM-PK|JPM-PL|JPM-PM|VYLD,NYSE|NYSE|NYSE|NYSE|NYSE|NYSE|NYSE|NYSE|NYSE,3898333000000.0,2462303000000.0,0.6577424686134908,1993-12-31,2025-12-31,27,0,covered,
2,70858,BANK OF AMERICA CORP /DE/,6021,National Commercial Banks,True,BAC|BML-PG|BML-PL|BAC-PB|BAC-PK|BAC-PE|BAC-PL|BAC-PM|BAC-PN|BAC-PO|BAC-PP|BAC-PQ|BAC-PS|BACRP|BML-PH|BML-PJ|MER-PK,NYSE|NYSE|NYSE|NYSE|NYSE|NYSE|NYSE|NYSE|NYSE|NYSE|NYSE|NYSE|NYSE|OTC|NYSE|NYSE|NYSE,3180151000000.0,2064446000000.0,0.6513485586820613,1993-12-31,2025-12-31,32,0,covered,
3,831001,CITIGROUP INC,6021,National Commercial Banks,True,C|C-PN|C-PR,NYSE|NYSE|NYSE,2417000000000.0,1365954000000.0,0.5749585333915321,1993-12-31,2025-12-31,27,0,covered,
4,72971,WELLS FARGO & COMPANY/MN,6021,National Commercial Banks,True,WFC|WFC-PY|WFC-PL|WFC-PC|WFCNP|WFC-PA|WFC-PD|WFC-PZ,NYSE|NYSE|NYSE|NYSE|OTC|NYSE|NYSE|NYSE,1952911000000.0,1482479000000.0,0.7609996160298306,1993-12-31,2025-12-31,32,0,covered,
5,886982,GOLDMAN SACHS GROUP INC,6211,"Security Brokers, Dealers & Flotation Companies",False,GS|GSCE|GS-PA|GS-PC|GS-PD,NYSE|OTC|NYSE|NYSE|NYSE,1641594000000.0,428417000000.0,0.26818231944952103,1999-11-26,2025-12-31,25,0,covered,
6,895421,MORGAN STANLEY,6211,"Security Brokers, Dealers & Flotation Companies",False,MS|MS-PK|MS-PE|MS-PA|MS-PF|MS-PI|MS-PL|MS-PO|MS-PP|MS-PQ,NYSE|NYSE|NYSE|NYSE|NYSE|NYSE|NYSE|NYSE|NYSE|NYSE,1193693000000.0,356646000000.0,0.3021832166753797,1997-11-30,2025-12-31,26,0,covered,
7,36104,US BANCORP \DE\,6021,National Commercial Banks,True,USB|USB-PA|USB-PH|USB-PP|USB-PQ|USB-PR|USB-PS,NYSE|NYSE|NYSE|NYSE|NYSE|NYSE|NYSE,674805000000.0,524976000000.0,0.7955620599912085,1993-12-31,2025-12-31,28,0,covered,
8,316709,SCHWAB CHARLES CORP,6211,"Security Brokers, Dealers & Flotation Companies",False,SCHW|SCHW-PD|SCHW-PJ,NYSE|NYSE|NYSE,667270000000.0,443778000000.0,0.780563406884735,1993-12-31,2025-12-31,33,0,covered,
9,713676,"PNC FINANCIAL SERVICES GROUP, INC.",6021,National Commercial Banks,True,PNC,NYSE,561580000000.0,457278000000.0,0.8206844690599813,1994-03-16,2025-12-31,29,0,covered,
10,92230,TRUIST FINANCIAL CORP,6021,National Commercial Banks,True,TFC|TFC-PI|TFC-PO|TFC-PR,NYSE|NYSE|NYSE|NYSE,555255000000.0,416488000000.0,0.7695056361214321,1993-12-31,2025-12-31,32,0,covered,
11,927628,CAPITAL ONE FINANCIAL CORP,6021,National Commercial Banks,True,COF|COF-PI|COF-PJ|COF-PK|COF-PL|COF-PN,NYSE|NYSE|NYSE|NYSE|NYSE|NYSE,478464000000.0,348413000000.0,0.7339527188265614,1996-12-31,2025-12-31,30,0,covered,
12,1390777,BANK OF NEW YORK MELLON CORP,6022,State Commercial Banks,True,BNY|BNY-PK,NYSE|NYSE,469633000000.0,341545000000.0,0.727259370614927,2007-12-31,2025-12-31,19,0,covered,
13,93751,STATE STREET CORP,6022,State Commercial Banks,True,STT|STT-PG,NYSE|NYSE,314706000000.0,255035000000.0,0.8106024969487388,1993-12-31,2025-12-31,31,0,covered,
14,4962,AMERICAN EXPRESS CO,6199,Finance Services,False,AXP,NYSE,261108000000.0,129144000000.0,0.4965900066643521,1993-12-31,2025-12-31,30,0,covered,
15,759944,CITIZENS FINANCIAL GROUP INC/RI,6022,State Commercial Banks,True,CFG|CFG-PE|CFG-PH|CFG-PI,NYSE|NYSE|NYSE|NYSE,226733000000.0,180724000000.0,0.819286764432697,2014-12-31,2025-12-31,12,0,covered,
16,750556,SUNTRUST BANKS INC,6021,National Commercial Banks,True,,,215543000000.0,162589000000.0,0.7852025762903725,1994-12-31,2018-12-31,22,0,covered,
17,35527,FIFTH THIRD BANCORP,6022,State Commercial Banks,True,FITB|FITB-PA|FITB-PI|FITB-PK|FITB-PM,NYSE|NYSE|NYSE|NYSE|NYSE,214574000000.0,169324000000.0,0.8020424790162755,1993-12-31,2025-12-31,30,0,covered,
18,798941,FIRST CITIZENS BANCSHARES INC /DE/,6022,State Commercial Banks,True,FCNCA|FCNCB|FCNCN|FCNCO|FCNCP,Nasdaq|OTC|Nasdaq|Nasdaq|Nasdaq,213765000000.0,146233000000.0,0.8816134730487575,1996-12-31,2025-12-31,29,0,covered,
19,719739,SVB FINANCIAL GROUP,6022,State Commercial Banks,True,,,211793000000.0,189203000000.0,0.8953896681621141,1995-12-31,2022-12-31,28,0,covered,
20,36270,M&T BANK CORP,6022,State Commercial Banks,True,MTB|MTB-PH|MTB-PJ|MTB-PK|MTB-PL,NYSE|NYSE|NYSE|NYSE|NYSE,209124316000.0,164127807000.0,0.8480808300532354,1993-12-31,2025-12-31,33,0,covered,
21,83246,HSBC USA INC /MD/,6021,National Commercial Banks,True,,,201301000000.0,145150000000.0,0.7558552464699416,1993-12-31,2025-12-31,33,0,covered,
22,40729,ALLY FINANCIAL INC.,6022,State Commercial Banks,True,ALLY,NYSE,196329000000.0,154666000000.0,0.7939330434873271,1993-12-31,2025-12-31,28,0,covered,
23,91576,KEYCORP /NEW/,6021,National Commercial Banks,True,KEY|KEY-PK|KEY-PI|KEY-PJ|KEY-PL,NYSE|NYSE|NYSE|NYSE|NYSE,189813000000.0,152572000000.0,0.8187565067133182,1993-12-31,2025-12-31,29,0,covered,
24,49196,HUNTINGTON BANCSHARES INC /MD/,6021,National Commercial Banks,True,HBAN|HBANL|HBANM|HBANP|HBANZ,Nasdaq|Nasdaq|Nasdaq|Nasdaq|Nasdaq,189368000000.0,151230000000.0,0.8230478444709992,1995-12-31,2025-12-31,28,0,covered,
25,73124,NORTHERN TRUST CORP,6022,State Commercial Banks,True,NTRS|NTRSO,Nasdaq|Nasdaq,183889800000.0,159928400000.0,0.8696969598096251,1993-12-31,2025-12-31,31,0,covered,
26,820027,AMERIPRISE FINANCIAL INC,6282,Investment Advice,False,AMP,NYSE,177735000000.0,37321000000.0,0.21866219358589284,2005-12-31,2025-12-31,21,0,covered,
27,1011659,MUFG AMERICAS HOLDINGS CORP,6021,National Commercial Banks,True,,,170810000000.0,102426000000.0,0.6102379562217747,1997-12-31,2020-12-31,23,0,covered,
28,811830,"SANTANDER HOLDINGS USA, INC.",6021,National Commercial Banks,True,SNUS-PH|SNUS-PI,NYSE|NYSE,168194320000.0,81598172000.0,0.5105590257905096,1995-12-31,2025-12-31,30,0,covered,
29,1281761,REGIONS FINANCIAL CORP,6021,National Commercial Banks,True,RF|RF-PC|RF-PE|RF-PF,NYSE|NYSE|NYSE|NYSE,162938000000.0,139072000000.0,0.8535271084707067,2004-12-31,2025-12-31,22,0,covered,
30,1393612,DISCOVER FINANCIAL SERVICES,6141,Personal Credit Institutions,False,,,151713000000.0,108931000000.0,0.7242906381645371,2007-11-30,2024-12-31,18,0,covered,
31,1601712,SYNCHRONY FINANCIAL,6199,Finance Services,False,SYF|SYF-PA|SYF-PB,NYSE|NYSE|NYSE,117479000000.0,81153000000.0,0.69122269543736,2014-12-31,2025-12-31,12,0,covered,
32,910073,"FLAGSTAR BANK, NATIONAL ASSOCIATION",6036,"Savings Institutions, Not Federally Chartered",True,FLG|FLG-PA|FLG-PU,NYSE|NYSE|NYSE,114057000000.0,82675000000.0,0.7432796907309179,2002-12-31,2025-12-31,24,0,covered,
33,1409775,"BBVA USA BANCSHARES, INC.",6021,National Commercial Banks,True,,,102756203000.0,85858381000.0,0.835554238998107,2013-12-31,2020-12-31,8,0,covered,
34,28412,COMERICA INC,6021,National Commercial Banks,True,,,94616000000.0,82339000000.0,0.870243933372791,1993-12-31,2024-12-31,32,0,covered,
35,109380,"ZIONS BANCORPORATION, NATIONAL ASSOCIATION /UT/",6021,National Commercial Banks,True,ZION|ZIONP,Nasdaq|Nasdaq,93200000000.0,82789000000.0,0.888293991416309,1993-12-31,2025-12-31,33,0,covered,
36,36966,FIRST HORIZON CORP,6021,National Commercial Banks,True,FHN|FHN-PE|FHN-PF|FHN-PH,NYSE|NYSE|NYSE|NYSE,89092000000.0,74895000000.0,0.840647869617923,1993-12-31,2025-12-31,30,0,covered,
37,720005,RAYMOND JAMES FINANCIAL INC,6211,"Security Brokers, Dealers & Flotation Companies",False,RJF,NYSE,80130000000.0,55393000000.0,0.6916666666666667,1995-09-29,2025-09-30,31,0,covered,
38,763901,"POPULAR, INC.",6022,State Commercial Banks,True,BPOP|BPOPO|BPOPM,Nasdaq|OTC|Nasdaq,75097899000.0,67005088000.0,0.9082360601561273,1993-12-31,2025-12-31,33,0,covered,
39,801337,WEBSTER FINANCIAL CORP,6021,National Commercial Banks,True,WBS|WBS-PF|WBS-PG,NYSE|NYSE|NYSE,74945249000.0,60784284000.0,0.8548336518585862,1995-12-31,2025-12-31,31,0,covered,
40,1212545,WESTERN ALLIANCE BANCORPORATION,6022,State Commercial Banks,True,WAL|WAL-PA,NYSE|NYSE,70891000000.0,55333000000.0,0.8757439455856943,2001-12-31,2025-12-31,21,0,covered,
41,1069157,EAST WEST BANCORP INC,6022,State Commercial Banks,True,EWBC,Nasdaq,69612884000.0,56092438000.0,0.876456671658833,2002-12-31,2025-12-31,24,0,covered,
42,1171825,CIT GROUP INC,6021,National Commercial Banks,True,,,67391900000.0,43071600000.0,0.741251424106728,2002-09-30,2020-12-31,20,0,covered,
43,1015780,E TRADE FINANCIAL CORP,6035,"Savings Institution, Federally Chartered",True,,,65003000000.0,45313000000.0,0.6970909034967617,1996-09-30,2019-12-31,24,0,covered,
44,1378946,"PEOPLE'S UNITED FINANCIAL, INC.",6035,"Savings Institution, Federally Chartered",True,,,64642400000.0,53755300000.0,0.831579582441246,2006-12-31,2021-12-31,16,0,covered,
45,714310,VALLEY NATIONAL BANCORP,6021,National Commercial Banks,True,VLY|VLYPP|VLYPO|VLYPN,Nasdaq|Nasdaq|Nasdaq|Nasdaq,61183352000.0,49885314000.0,0.8290051351354597,1993-12-31,2025-12-31,31,0,covered,
46,18349,SYNOVUS FINANCIAL CORP,6021,National Commercial Banks,True,,,59809534000.0,50739185000.0,0.8623459202299846,1995-12-31,2024-12-31,30,0,covered,
47,1015328,WINTRUST FINANCIAL CORP,6022,State Commercial Banks,True,WTFC|WTFCN,Nasdaq|Nasdaq,56259934000.0,45397170000.0,0.8437807927856316,1996-12-31,2025-12-31,30,0,covered,
48,39263,"CULLEN/FROST BANKERS, INC.",6021,National Commercial Banks,True,CFR|CFR-PB,NYSE|NYSE,52892376000.0,43954196000.0,0.854792102308894,1993-12-31,2025-12-31,29,0,covered,
49,887343,"COLUMBIA BANKING SYSTEM, INC.",6022,State Commercial Banks,True,COLB,Nasdaq,52173596000.0,41624368000.0,0.8598629107496166,1996-12-31,2025-12-31,27,0,covered,
50,875357,BOK FINANCIAL CORP,6021,National Commercial Banks,True,BOKF,Nasdaq,50249431000.0,41242059000.0,0.8207467861675887,1995-12-31,2025-12-31,31,0,covered,
