cik,bank,quarter,cost_of_deposits,tier,expense_provenance,balance_provenance,avg_method,component_coverage
19617,JPMorgan Chase & Co.,2009-06-30,0.005378100053434771,2,reported,reported,endpoint,
19617,JPMorgan Chase & Co.,2009-09-30,0.005004740909033304,2,reported,reported,endpoint,
19617,JPMorgan Chase & Co.,2009-12-31,0.004896169807320021,1,reported,summed_components,endpoint,
19617,JPMorgan Chase & Co.,2010-03-31,0.00364853458812951,2,reported,reported,endpoint,
19617,JPMorgan Chase & Co.,2010-06-30,0.005266556027239367,1,reported,summed_components,endpoint,
19617,JPMorgan Chase & Co.,2010-09-30,0.0050268126383339025,1,reported,summed_components,endpoint,
19617,JPMorgan Chase & Co.,2010-12-31,0.004926928326508872,1,reported,summed_components,endpoint,
19617,JPMorgan Chase & Co.,2011-03-31,0.00498345379832957,1,reported,summed_components,endpoint,
19617,JPMorgan Chase & Co.,2011-06-30,0.0060084883943344715,1,reported,summed_components,endpoint,
19617,JPMorgan Chase & Co.,2011-09-30,0.005261442843404519,1,reported,summed_components,endpoint,
19617,JPMorgan Chase & Co.,2011-12-31,0.0042867674258145255,1,reported,summed_components,endpoint,
19617,JPMorgan Chase & Co.,2012-03-31,0.003755834353139464,1,reported,summed_components,endpoint,
19617,JPMorgan Chase & Co.,2012-06-30,0.003929341168912354,1,reported,summed_components,endpoint,
19617,JPMorgan Chase & Co.,2012-09-30,0.0032946024570050434,1,reported,summed_components,endpoint,
19617,JPMorgan Chase & Co.,2012-12-31,0.002866381369526846,1,reported,summed_components,endpoint,
19617,JPMorgan Chase & Co.,2013-03-31,0.0026626019239130968,1,reported,summed_components,endpoint,
19617,JPMorgan Chase & Co.,2013-06-30,0.002625678797643709,1,reported,summed_components,endpoint,
19617,JPMorgan Chase & Co.,2013-09-30,0.0023893640758646337,1,reported,summed_components,endpoint,
19617,JPMorgan Chase & Co.,2013-12-31,0.002131113461344033,1,reported,summed_components,endpoint,
19617,JPMorgan Chase & Co.,2014-03-31,0.0019262682396350038,1,reported,summed_components,endpoint,
19617,JPMorgan Chase & Co.,2014-06-30,0.0018860521468542619,1,reported,summed_components,endpoint,
19617,JPMorgan Chase & Co.,2014-09-30,0.001823306101792118,1,reported,summed_components,endpoint,
19617,JPMorgan Chase & Co.,2014-12-31,0.0017247634791258404,1,reported,summed_components,endpoint,
19617,JPMorgan Chase & Co.,2015-03-31,0.0016032452502758331,1,reported,summed_components,endpoint,
19617,JPMorgan Chase & Co.,2015-06-30,0.0014780990590315811,1,reported,summed_components,endpoint,
19617,JPMorgan Chase & Co.,2015-09-30,0.0013821602268063607,1,reported,summed_components,endpoint,
19617,JPMorgan Chase & Co.,2015-12-31,0.001315751772196148,1,reported,summed_components,endpoint,
19617,JPMorgan Chase & Co.,2016-03-31,0.0013949114067790514,1,reported,summed_components,endpoint,
19617,JPMorgan Chase & Co.,2016-06-30,0.0014007007867487596,1,reported,summed_components,endpoint,
19617,JPMorgan Chase & Co.,2016-09-30,0.0014363734106158557,1,reported,summed_components,endpoint,
19617,JPMorgan Chase & Co.,2016-12-31,0.0015631773768633075,1,reported,summed_components,endpoint,
19617,JPMorgan Chase & Co.,2017-03-31,0.0019202786193077456,1,reported,summed_components,endpoint,
19617,JPMorgan Chase & Co.,2017-06-30,0.0024489001362663033,1,reported,summed_components,endpoint,
19617,JPMorgan Chase & Co.,2017-09-30,0.0032496745957562045,1,reported,summed_components,endpoint,
19617,JPMorgan Chase & Co.,2017-12-31,0.003509989263221169,1,reported,summed_components,endpoint,
19617,JPMorgan Chase & Co.,2018-03-31,0.003954906602641952,1,reported,summed_components,endpoint,
19617,JPMorgan Chase & Co.,2018-06-30,0.005105836561790624,1,reported,summed_components,endpoint,
19617,JPMorgan Chase & Co.,2018-09-30,0.006088079982573293,1,reported,summed_components,endpoint,
19617,JPMorgan Chase & Co.,2018-12-31,0.007348719715237111,1,reported,summed_components,endpoint,
19617,JPMorgan Chase & Co.,2019-03-31,0.007873236573127003,1,reported,summed_components,endpoint,
19617,JPMorgan Chase & Co.,2019-06-30,0.008697807074853226,1,reported,summed_components,endpoint,
19617,JPMorgan Chase & Co.,2019-09-30,0.008678860543788797,1,reported,summed_components,endpoint,
19617,JPMorgan Chase & Co.,2019-12-31,0.006791799259948529,1,reported,summed_components,endpoint,
19617,JPMorgan Chase & Co.,2020-03-31,0.0046132824456548,1,reported,summed_components,endpoint,
19617,JPMorgan Chase & Co.,2020-06-30,0.00101265969701454,1,reported,summed_components,endpoint,
19617,JPMorgan Chase & Co.,2020-09-30,0.0006806056556940997,1,reported,summed_components,endpoint,
19617,JPMorgan Chase & Co.,2020-12-31,0.00048575328254886116,1,reported,summed_components,endpoint,
19617,JPMorgan Chase & Co.,2021-03-31,0.00035909468785817235,1,reported,summed_components,endpoint,
19617,JPMorgan Chase & Co.,2021-06-30,0.00032168053710901804,1,reported,summed_components,endpoint,
19617,JPMorgan Chase & Co.,2021-09-30,0.000293479514081776,1,reported,summed_components,endpoint,
19617,JPMorgan Chase & Co.,2021-12-31,0.00029456976867575234,1,reported,summed_components,endpoint,
19617,JPMorgan Chase & Co.,2022-03-31,0.0004017074774977597,1,reported,summed_components,endpoint,
19617,JPMorgan Chase & Co.,2022-06-30,0.0020762009683928458,1,reported,summed_components,endpoint,
19617,JPMorgan Chase & Co.,2022-09-30,0.007460615672016314,1,reported,summed_components,endpoint,
19617,JPMorgan Chase & Co.,2022-12-31,0.014009705851324005,1,reported,summed_components,endpoint,
19617,JPMorgan Chase & Co.,2023-03-31,0.018092761829176563,1,reported,summed_components,endpoint,
19617,JPMorgan Chase & Co.,2023-06-30,0.022331708884485622,1,reported,summed_components,endpoint,
19617,JPMorgan Chase & Co.,2023-09-30,0.025314852896693545,1,reported,summed_components,endpoint,
19617,JPMorgan Chase & Co.,2023-12-31,0.027665711370637364,1,reported,summed_components,endpoint,
19617,JPMorgan Chase & Co.,2024-03-31,0.028017077271964775,1,reported,summed_components,endpoint,
19617,JPMorgan Chase & Co.,2024-06-30,0.028589316006196155,1,reported,summed_components,endpoint,
19617,JPMorgan Chase & Co.,2024-09-30,0.028893111261634907,1,reported,summed_components,endpoint,
19617,JPMorgan Chase & Co.,2024-12-31,0.026842392174289735,1,reported,summed_components,endpoint,
19617,JPMorgan Chase & Co.,2025-03-31,0.023513079508681287,1,reported,summed_components,endpoint,
19617,JPMorgan Chase & Co.,2025-06-30,0.023492358183767277,1,reported,summed_components,endpoint,
19617,JPMorgan Chase & Co.,2025-09-30,0.024171010993623242,1,reported,summed_components,endpoint,
19617,JPMorgan Chase & Co.,2025-12-31,0.02269509691214856,1,reported,summed_components,endpoint,
19617,JPMorgan Chase & Co.,2026-03-31,0.020201137247025394,1,reported,summed_components,endpoint,
19617,JPMorgan Chase & Co.,2026-06-30,0.021040365004677916,1,reported,summed_components,endpoint,
70858,Bank of America Corporation,2008-12-31,0.019825593722697328,1,reported,summed_components,endpoint,
70858,Bank of America Corporation,2009-06-30,0.011608182039934488,1,reported,summed_components,endpoint,
70858,Bank of America Corporation,2009-09-30,0.00945690540744192,1,reported,summed_components,endpoint,
70858,Bank of America Corporation,2009-12-31,0.008217644768299542,1,reported,summed_components,endpoint,
70858,Bank of America Corporation,2010-03-31,0.0062767650604600165,1,reported,summed_components,endpoint,
70858,Bank of America Corporation,2010-06-30,0.00581100427229994,1,reported,summed_components,endpoint,
70858,Bank of America Corporation,2010-09-30,0.0053873734144463835,1,reported,summed_components,endpoint,
70858,Bank of America Corporation,2010-12-31,0.0049726822308653945,1,reported,summed_components,endpoint,
70858,Bank of America Corporation,2011-09-30,0.003946636319425271,1,reported,summed_components,endpoint,
70858,Bank of America Corporation,2011-12-31,0.003550565294953413,1,reported,summed_components,endpoint,
70858,Bank of America Corporation,2012-03-31,0.00315582534317445,1,reported,summed_components,endpoint,
70858,Bank of America Corporation,2012-06-30,0.0030304534294047407,1,reported,summed_components,endpoint,
70858,Bank of America Corporation,2012-09-30,0.002789649478237564,1,reported,summed_components,endpoint,
70858,Bank of America Corporation,2012-12-31,0.002416078506002962,1,reported,summed_components,endpoint,
70858,Bank of America Corporation,2013-03-31,0.0020920530735244387,1,reported,summed_components,endpoint,
70858,Bank of America Corporation,2013-06-30,0.0020293422934894705,1,reported,summed_components,endpoint,
70858,Bank of America Corporation,2013-09-30,0.0018340563395749822,1,reported,summed_components,endpoint,
70858,Bank of America Corporation,2013-12-31,0.0017020215571329068,1,reported,summed_components,endpoint,
70858,Bank of America Corporation,2014-03-31,0.0015532343035265358,1,reported,summed_components,endpoint,
70858,Bank of America Corporation,2014-06-30,0.0015323401197344488,1,reported,summed_components,endpoint,
70858,Bank of America Corporation,2014-09-30,0.001504037924037729,1,reported,summed_components,endpoint,
70858,Bank of America Corporation,2014-12-31,0.0013192244963846568,1,reported,summed_components,endpoint,
70858,Bank of America Corporation,2015-03-31,0.0012025258508895275,1,reported,summed_components,endpoint,
70858,Bank of America Corporation,2015-06-30,0.0011845287385317327,1,reported,summed_components,endpoint,
70858,Bank of America Corporation,2015-09-30,0.0011635920739805315,1,reported,summed_components,endpoint,
70858,Bank of America Corporation,2015-12-31,0.0011031151239174703,1,reported,summed_components,endpoint,
70858,Bank of America Corporation,2016-03-31,0.0011513191559039647,1,reported,summed_components,endpoint,
70858,Bank of America Corporation,2016-06-30,0.001256537521107907,1,reported,summed_components,endpoint,
70858,Bank of America Corporation,2016-09-30,0.0013470383513465953,1,reported,summed_components,endpoint,
70858,Bank of America Corporation,2016-12-31,0.0013764692822872085,1,reported,summed_components,endpoint,
70858,Bank of America Corporation,2017-03-31,0.0013723529282945596,1,reported,summed_components,endpoint,
70858,Bank of America Corporation,2017-06-30,0.0016840691198426905,1,reported,summed_components,endpoint,
70858,Bank of America Corporation,2017-09-30,0.0029699082612472186,1,reported,summed_components,endpoint,
70858,Bank of America Corporation,2017-12-31,0.0031403527231228705,1,reported,summed_components,endpoint,
70858,Bank of America Corporation,2018-03-31,0.00345381151959754,1,reported,summed_components,endpoint,
70858,Bank of America Corporation,2018-06-30,0.004313573461688446,1,reported,summed_components,endpoint,
70858,Bank of America Corporation,2018-09-30,0.005360061008824491,1,reported,summed_components,endpoint,
70858,Bank of America Corporation,2018-12-31,0.006543580054648529,1,reported,summed_components,endpoint,
70858,Bank of America Corporation,2019-03-31,0.007387431694551306,1,reported,summed_components,endpoint,
70858,Bank of America Corporation,2019-06-30,0.008114285478319579,1,reported,summed_components,endpoint,
70858,Bank of America Corporation,2019-09-30,0.00763204606832914,1,reported,summed_components,endpoint,
70858,Bank of America Corporation,2019-12-31,0.006083835488843845,1,reported,summed_components,endpoint,
70858,Bank of America Corporation,2020-03-31,0.00436381863615925,1,reported,summed_components,endpoint,
70858,Bank of America Corporation,2020-06-30,0.0013286823514115469,1,reported,summed_components,endpoint,
70858,Bank of America Corporation,2020-09-30,0.0008479665146615092,1,reported,summed_components,endpoint,
70858,Bank of America Corporation,2020-12-31,0.000564276005493706,1,reported,summed_components,endpoint,
70858,Bank of America Corporation,2021-03-31,0.000459138011535411,1,reported,summed_components,endpoint,
70858,Bank of America Corporation,2021-06-30,0.00043968462932954104,1,reported,summed_components,endpoint,
70858,Bank of America Corporation,2021-09-30,0.00044843011528531367,1,reported,summed_components,endpoint,
70858,Bank of America Corporation,2021-12-31,0.0004565772669220945,1,reported,summed_components,endpoint,
70858,Bank of America Corporation,2022-03-31,0.000521555922164139,1,reported,summed_components,endpoint,
70858,Bank of America Corporation,2022-06-30,0.0010527155537900638,1,reported,summed_components,endpoint,
70858,Bank of America Corporation,2022-09-30,0.0040508704041276235,1,reported,summed_components,endpoint,
70858,Bank of America Corporation,2022-12-31,0.009452248651817485,1,reported,summed_components,endpoint,
70858,Bank of America Corporation,2023-03-31,0.01353630468922822,1,reported,summed_components,endpoint,
70858,Bank of America Corporation,2023-06-30,0.017952931355252357,1,reported,summed_components,endpoint,
70858,Bank of America Corporation,2023-09-30,0.022242559045812398,1,reported,summed_components,endpoint,
70858,Bank of America Corporation,2023-12-31,0.025346079006029282,1,reported,summed_components,endpoint,
70858,Bank of America Corporation,2024-03-31,0.026015436167093235,1,reported,summed_components,endpoint,
70858,Bank of America Corporation,2024-06-30,0.027726704578495937,1,reported,summed_components,endpoint,
70858,Bank of America Corporation,2024-09-30,0.028588934882171235,1,reported,summed_components,endpoint,
70858,Bank of America Corporation,2024-12-31,0.02642602813939147,1,reported,reported,endpoint,
70858,Bank of America Corporation,2025-03-31,0.0236565416558757,1,reported,summed_components,endpoint,
70858,Bank of America Corporation,2025-06-30,0.023420337869601786,1,reported,summed_components,endpoint,
70858,Bank of America Corporation,2025-09-30,0.024184497498832336,1,reported,summed_components,endpoint,
70858,Bank of America Corporation,2025-12-31,0.022245555361984665,1,reported,reported,endpoint,
70858,Bank of America Corporation,2026-03-31,0.019553478469011648,1,reported,summed_components,endpoint,
70858,Bank of America Corporation,2026-06-30,0.01991381574993196,1,reported,summed_components,endpoint,
72971,Wells Fargo & Company,2008-12-31,0.005360272136893104,1,reported,reported,endpoint,
72971,Wells Fargo & Company,2009-06-30,0.005975778427876975,1,reported,reported,endpoint,
72971,Wells Fargo & Company,2009-09-30,0.005732492145535624,1,reported,reported,endpoint,
72971,Wells Fargo & Company,2009-12-31,0.005682613877901603,1,reported,reported,endpoint,
72971,Wells Fargo & Company,2010-03-31,0.004634482758620689,1,reported,reported,endpoint,
72971,Wells Fargo & Company,2010-06-30,0.0044582646485838455,1,reported,reported,endpoint,
72971,Wells Fargo & Company,2010-09-30,0.004577334575541098,1,reported,reported,endpoint,
72971,Wells Fargo & Company,2010-12-31,0.0040323685901633355,1,reported,reported,endpoint,
72971,Wells Fargo & Company,2011-03-31,0.0038039099865007585,1,reported,reported,endpoint,
72971,Wells Fargo & Company,2011-06-30,0.003647013317124385,1,reported,reported,endpoint,
72971,Wells Fargo & Company,2011-09-30,0.00335955165911669,1,reported,reported,endpoint,
72971,Wells Fargo & Company,2011-12-31,0.002999702692188792,1,reported,reported,endpoint,
72971,Wells Fargo & Company,2012-03-31,0.0027071294653567396,1,reported,reported,endpoint,
72971,Wells Fargo & Company,2012-06-30,0.0026254418950593687,1,reported,reported,endpoint,
72971,Wells Fargo & Company,2012-09-30,0.002505678757932698,1,reported,reported,endpoint,
72971,Wells Fargo & Company,2012-12-31,0.002233329788365415,1,reported,reported,endpoint,
72971,Wells Fargo & Company,2013-03-31,0.0020168783751284463,1,reported,reported,endpoint,
72971,Wells Fargo & Company,2013-06-30,0.001898010180969625,1,reported,reported,endpoint,
72971,Wells Fargo & Company,2013-09-30,0.0016693789700246732,1,reported,reported,endpoint,
72971,Wells Fargo & Company,2013-12-31,0.0015017824185270397,1,reported,reported,endpoint,
72971,Wells Fargo & Company,2014-03-31,0.0013955006358531124,1,reported,reported,endpoint,
72971,Wells Fargo & Company,2014-06-30,0.0013572237617800853,1,reported,reported,endpoint,
72971,Wells Fargo & Company,2014-09-30,0.0013368689354262922,1,reported,reported,endpoint,
72971,Wells Fargo & Company,2014-12-31,0.0012713461499833992,1,reported,reported,endpoint,
72971,Wells Fargo & Company,2015-03-31,0.0011988777946224756,1,reported,reported,endpoint,
72971,Wells Fargo & Company,2015-06-30,0.0011018158590245606,1,reported,reported,endpoint,
72971,Wells Fargo & Company,2015-09-30,0.0010760443311711955,1,reported,reported,endpoint,
72971,Wells Fargo & Company,2015-12-31,0.0011058431882239172,1,reported,reported,endpoint,
72971,Wells Fargo & Company,2016-03-31,0.0013757531352159194,1,reported,reported,endpoint,
72971,Wells Fargo & Company,2016-06-30,0.0015030462718680217,1,reported,reported,endpoint,
72971,Wells Fargo & Company,2016-09-30,0.001582647778624919,1,reported,reported,endpoint,
72971,Wells Fargo & Company,2016-12-31,0.0017202229408931396,1,reported,reported,endpoint,
72971,Wells Fargo & Company,2017-03-31,0.002234115273679121,1,reported,reported,endpoint,
72971,Wells Fargo & Company,2017-06-30,0.0029022660824980923,1,reported,reported,endpoint,
72971,Wells Fargo & Company,2017-09-30,0.0036971722375975613,1,reported,reported,endpoint,
72971,Wells Fargo & Company,2017-12-31,0.0038700197138222263,1,reported,reported,endpoint,
72971,Wells Fargo & Company,2018-03-31,0.004670074249896102,1,reported,reported,endpoint,
72971,Wells Fargo & Company,2018-06-30,0.005611594048966469,1,reported,reported,endpoint,
72971,Wells Fargo & Company,2018-09-30,0.00656214944321322,1,reported,reported,endpoint,
72971,Wells Fargo & Company,2018-12-31,0.00753761333111262,1,reported,reported,endpoint,
72971,Wells Fargo & Company,2019-03-31,0.008783738378129966,1,reported,reported,endpoint,
72971,Wells Fargo & Company,2019-06-30,0.009341366148417128,1,reported,reported,endpoint,
72971,Wells Fargo & Company,2019-09-30,0.009752044614345241,1,reported,reported,endpoint,
72971,Wells Fargo & Company,2019-12-31,0.00847331131853639,1,reported,reported,endpoint,
72971,Wells Fargo & Company,2020-03-31,0.006989990510144916,1,reported,reported,endpoint,
72971,Wells Fargo & Company,2020-06-30,0.0023929952733230116,1,reported,reported,endpoint,
72971,Wells Fargo & Company,2020-09-30,0.001341587944507821,1,reported,reported,endpoint,
72971,Wells Fargo & Company,2020-12-31,0.0006956054167604631,1,reported,reported,endpoint,
72971,Wells Fargo & Company,2021-03-31,0.0004750634124822912,1,reported,reported,endpoint,
72971,Wells Fargo & Company,2021-06-30,0.0003930095561127937,1,reported,reported,endpoint,
72971,Wells Fargo & Company,2021-09-30,0.0004206822701545051,1,reported,reported,endpoint,
72971,Wells Fargo & Company,2021-12-31,0.00035612125300215453,1,reported,reported,endpoint,
72971,Wells Fargo & Company,2022-03-31,0.0003489605285700922,1,reported,reported,endpoint,
72971,Wells Fargo & Company,2022-06-30,0.0006947223089403726,1,reported,reported,endpoint,
72971,Wells Fargo & Company,2022-09-30,0.0022710244068719515,1,reported,reported,endpoint,
72971,Wells Fargo & Company,2022-12-31,0.0068900348281541075,1,reported,reported,endpoint,
72971,Wells Fargo & Company,2023-03-31,0.011904492426030783,1,reported,reported,endpoint,
72971,Wells Fargo & Company,2023-06-30,0.016152619971939865,1,reported,reported,endpoint,
72971,Wells Fargo & Company,2023-09-30,0.019008332645821302,1,reported,reported,endpoint,
72971,Wells Fargo & Company,2023-12-31,0.021360986237015153,1,reported,reported,endpoint,
72971,Wells Fargo & Company,2024-03-31,0.02263324196555938,1,reported,reported,endpoint,
72971,Wells Fargo & Company,2024-06-30,0.0241760855697392,1,reported,reported,endpoint,
72971,Wells Fargo & Company,2024-09-30,0.026315762610997294,1,reported,reported,endpoint,
72971,Wells Fargo & Company,2024-12-31,0.023788995616218778,1,reported,reported,endpoint,
72971,Wells Fargo & Company,2025-03-31,0.02116866557958315,1,reported,reported,endpoint,
72971,Wells Fargo & Company,2025-06-30,0.020873137229226103,1,reported,reported,endpoint,
72971,Wells Fargo & Company,2025-09-30,0.0207406548617906,1,reported,reported,endpoint,
72971,Wells Fargo & Company,2025-12-31,0.01881906679524414,1,reported,reported,endpoint,
72971,Wells Fargo & Company,2026-03-31,0.018266164904101715,1,reported,reported,endpoint,
72971,Wells Fargo & Company,2026-06-30,0.019503416014829102,1,reported,reported,endpoint,
831001,Citigroup Inc.,2009-09-30,0.012864274348284273,1,reported,summed_components,endpoint,
831001,Citigroup Inc.,2009-12-31,0.012005435794540305,1,reported,summed_components,endpoint,
831001,Citigroup Inc.,2010-03-31,0.011625843467519601,1,reported,summed_components,endpoint,
831001,Citigroup Inc.,2010-06-30,0.011496264843225053,1,reported,summed_components,endpoint,
831001,Citigroup Inc.,2010-09-30,0.011614386025657978,1,reported,summed_components,endpoint,
831001,Citigroup Inc.,2010-12-31,0.011725128366547972,1,reported,summed_components,endpoint,
831001,Citigroup Inc.,2011-03-31,0.01115522180973257,1,reported,summed_components,endpoint,
831001,Citigroup Inc.,2011-06-30,0.01242718879435371,1,reported,summed_components,endpoint,
831001,Citigroup Inc.,2011-09-30,0.01292365876436365,1,reported,summed_components,endpoint,
831001,Citigroup Inc.,2011-12-31,0.01195109280815855,1,reported,summed_components,endpoint,
831001,Citigroup Inc.,2012-03-31,0.011186474434867278,1,reported,summed_components,endpoint,
831001,Citigroup Inc.,2012-06-30,0.010530631034308992,1,reported,summed_components,endpoint,
831001,Citigroup Inc.,2012-09-30,0.010266833228228169,1,reported,summed_components,endpoint,
831001,Citigroup Inc.,2012-12-31,0.009947287529607449,1,reported,summed_components,endpoint,
831001,Citigroup Inc.,2013-03-31,0.009013987546606107,1,reported,summed_components,endpoint,
831001,Citigroup Inc.,2013-06-30,0.008437120666015539,1,reported,summed_components,endpoint,
831001,Citigroup Inc.,2013-09-30,0.00785079278517412,1,reported,summed_components,endpoint,
831001,Citigroup Inc.,2013-12-31,0.007719983179054808,1,reported,summed_components,endpoint,
831001,Citigroup Inc.,2014-03-31,0.0076126130859190295,1,reported,summed_components,endpoint,
831001,Citigroup Inc.,2014-06-30,0.007720597413415918,1,reported,summed_components,endpoint,
831001,Citigroup Inc.,2014-09-30,0.007626644276518332,1,reported,summed_components,endpoint,
831001,Citigroup Inc.,2014-12-31,0.007760394253190726,1,reported,summed_components,endpoint,
831001,Citigroup Inc.,2015-03-31,0.007671102909060406,1,reported,summed_components,endpoint,
831001,Citigroup Inc.,2015-06-30,0.007355849199380349,1,reported,summed_components,endpoint,
831001,Citigroup Inc.,2015-09-30,0.007047257224888709,1,reported,summed_components,endpoint,
831001,Citigroup Inc.,2015-12-31,0.00702377553757849,1,reported,summed_components,endpoint,
831001,Citigroup Inc.,2016-03-31,0.006702172221889773,1,reported,summed_components,endpoint,
831001,Citigroup Inc.,2016-06-30,0.007244156071071494,1,reported,summed_components,endpoint,
831001,Citigroup Inc.,2016-09-30,0.00799006640393025,1,reported,summed_components,endpoint,
831001,Citigroup Inc.,2016-12-31,0.007534694836468595,1,reported,summed_components,endpoint,
831001,Citigroup Inc.,2017-03-31,0.007633268643854073,1,reported,summed_components,endpoint,
831001,Citigroup Inc.,2017-06-30,0.008555675941097667,1,reported,summed_components,endpoint,
831001,Citigroup Inc.,2017-09-30,0.00943346088435374,1,reported,summed_components,endpoint,
831001,Citigroup Inc.,2017-12-31,0.009625728703611794,1,reported,summed_components,endpoint,
831001,Citigroup Inc.,2018-03-31,0.01017048420570148,1,reported,summed_components,endpoint,
831001,Citigroup Inc.,2018-06-30,0.011318813239581546,1,reported,summed_components,endpoint,
831001,Citigroup Inc.,2018-09-30,0.012732409657878179,1,reported,summed_components,endpoint,
831001,Citigroup Inc.,2018-12-31,0.013523877264160758,1,reported,summed_components,endpoint,
831001,Citigroup Inc.,2019-03-31,0.014271452262887977,1,reported,summed_components,endpoint,
831001,Citigroup Inc.,2019-06-30,0.015147636410600579,1,reported,summed_components,endpoint,
831001,Citigroup Inc.,2019-09-30,0.014885426619463944,1,reported,summed_components,endpoint,
831001,Citigroup Inc.,2019-12-31,0.009804906290240124,1,reported,summed_components,endpoint,
831001,Citigroup Inc.,2020-03-31,0.010603376327576993,1,reported,summed_components,endpoint,
831001,Citigroup Inc.,2020-06-30,0.005700454503562784,1,reported,summed_components,endpoint,
831001,Citigroup Inc.,2020-09-30,0.004938733728533888,1,reported,summed_components,endpoint,
831001,Citigroup Inc.,2020-12-31,-0.00015951598293178983,1,reported,summed_components,endpoint,
831001,Citigroup Inc.,2021-03-31,0.002683954044826179,1,reported,summed_components,endpoint,
831001,Citigroup Inc.,2021-06-30,0.0025529062439517175,1,reported,summed_components,endpoint,
831001,Citigroup Inc.,2021-09-30,0.0026344066134432326,1,reported,summed_components,endpoint,
831001,Citigroup Inc.,2021-12-31,0.0029319545358617986,1,reported,summed_components,endpoint,
831001,Citigroup Inc.,2022-03-31,0.003221552966066432,1,reported,summed_components,endpoint,
831001,Citigroup Inc.,2022-06-30,0.0052868290939417405,1,reported,summed_components,endpoint,
831001,Citigroup Inc.,2022-09-30,0.012200718611132876,1,reported,summed_components,endpoint,
831001,Citigroup Inc.,2022-12-31,0.020896824975154972,1,reported,summed_components,endpoint,
831001,Citigroup Inc.,2023-03-31,0.02762511132654652,1,reported,summed_components,endpoint,
831001,Citigroup Inc.,2023-06-30,0.031220150895607285,1,reported,summed_components,endpoint,
831001,Citigroup Inc.,2023-09-30,0.03550943876281133,1,reported,summed_components,endpoint,
831001,Citigroup Inc.,2023-12-31,0.03696266896833164,1,reported,summed_components,endpoint,
831001,Citigroup Inc.,2024-03-31,0.037629259089249766,1,reported,summed_components,endpoint,
831001,Citigroup Inc.,2024-06-30,0.03799959160184893,1,reported,summed_components,endpoint,
831001,Citigroup Inc.,2024-09-30,0.03728460813042206,1,reported,summed_components,endpoint,
831001,Citigroup Inc.,2024-12-31,0.03477433920490058,1,reported,summed_components,endpoint,
831001,Citigroup Inc.,2025-03-31,0.03036008070355655,1,reported,summed_components,endpoint,
831001,Citigroup Inc.,2025-06-30,0.030172567282480023,1,reported,summed_components,endpoint,
831001,Citigroup Inc.,2025-09-30,0.030979944010927334,1,reported,summed_components,endpoint,
831001,Citigroup Inc.,2025-12-31,0.029056289866618908,1,reported,summed_components,endpoint,
713676,"The PNC Financial Services Group, Inc.",2008-12-31,0.008553979334305182,1,reported,reported,endpoint,
713676,"The PNC Financial Services Group, Inc.",2009-06-30,0.012756251976344418,1,reported,reported,endpoint,
713676,"The PNC Financial Services Group, Inc.",2009-09-30,0.010995567678145244,1,reported,reported,endpoint,
713676,"The PNC Financial Services Group, Inc.",2009-12-31,0.009372939146052282,1,reported,reported,endpoint,
713676,"The PNC Financial Services Group, Inc.",2010-03-31,0.008063069848853308,1,reported,reported,endpoint,
713676,"The PNC Financial Services Group, Inc.",2010-06-30,0.0072572070162915375,1,reported,reported,endpoint,
713676,"The PNC Financial Services Group, Inc.",2010-09-30,0.007001307110984239,1,reported,reported,endpoint,
713676,"The PNC Financial Services Group, Inc.",2011-03-31,0.005462061928377963,1,reported,reported,endpoint,
713676,"The PNC Financial Services Group, Inc.",2011-06-30,0.005572410377066435,1,reported,reported,endpoint,
713676,"The PNC Financial Services Group, Inc.",2011-09-30,0.005039531655501237,1,reported,reported,endpoint,
713676,"The PNC Financial Services Group, Inc.",2011-12-31,0.0043128190012255855,1,reported,reported,endpoint,
713676,"The PNC Financial Services Group, Inc.",2012-03-31,0.002867802650629246,1,reported,reported,endpoint,
713676,"The PNC Financial Services Group, Inc.",2012-06-30,0.002330691415052616,1,reported,reported,endpoint,
713676,"The PNC Financial Services Group, Inc.",2012-09-30,0.0029059310617228222,1,reported,reported,endpoint,
713676,"The PNC Financial Services Group, Inc.",2012-12-31,0.002710216398206228,1,reported,reported,endpoint,
713676,"The PNC Financial Services Group, Inc.",2013-03-31,0.0025311632464209894,1,reported,reported,endpoint,
713676,"The PNC Financial Services Group, Inc.",2013-06-30,0.0023631080366281745,1,reported,reported,endpoint,
713676,"The PNC Financial Services Group, Inc.",2013-09-30,0.0022806410230304017,1,reported,reported,endpoint,
713676,"The PNC Financial Services Group, Inc.",2013-12-31,0.0021510373443983403,1,reported,reported,endpoint,
713676,"The PNC Financial Services Group, Inc.",2014-03-31,0.0020483327752939553,1,reported,reported,endpoint,
713676,"The PNC Financial Services Group, Inc.",2014-06-30,0.0021114725541559716,1,reported,reported,endpoint,
713676,"The PNC Financial Services Group, Inc.",2014-09-30,0.002112937831369301,1,reported,reported,endpoint,
713676,"The PNC Financial Services Group, Inc.",2014-12-31,0.0021668608862712986,1,reported,reported,endpoint,
713676,"The PNC Financial Services Group, Inc.",2015-03-31,0.0022778056313792483,1,reported,reported,endpoint,
713676,"The PNC Financial Services Group, Inc.",2015-06-30,0.0024147596020574736,1,reported,reported,endpoint,
713676,"The PNC Financial Services Group, Inc.",2015-09-30,0.002566870576946144,1,reported,reported,endpoint,
713676,"The PNC Financial Services Group, Inc.",2015-12-31,0.0025004865333467007,1,reported,reported,endpoint,
713676,"The PNC Financial Services Group, Inc.",2016-03-31,0.002438911084270185,1,reported,reported,endpoint,
713676,"The PNC Financial Services Group, Inc.",2016-06-30,0.0024198427102238356,1,reported,reported,endpoint,
713676,"The PNC Financial Services Group, Inc.",2016-09-30,0.002408065895485439,1,reported,reported,endpoint,
713676,"The PNC Financial Services Group, Inc.",2016-12-31,0.0025772321882735934,1,reported,reported,endpoint,
713676,"The PNC Financial Services Group, Inc.",2017-03-31,0.0026451527575717497,1,reported,reported,endpoint,
713676,"The PNC Financial Services Group, Inc.",2017-06-30,0.003184394241368176,1,reported,reported,endpoint,
713676,"The PNC Financial Services Group, Inc.",2017-09-30,0.003761727739422907,1,reported,reported,endpoint,
713676,"The PNC Financial Services Group, Inc.",2017-12-31,0.0041039154593415375,1,reported,reported,endpoint,
713676,"The PNC Financial Services Group, Inc.",2018-03-31,0.004570790929233212,1,reported,reported,endpoint,
713676,"The PNC Financial Services Group, Inc.",2018-06-30,0.005617796145029542,1,reported,reported,endpoint,
713676,"The PNC Financial Services Group, Inc.",2018-09-30,0.007068178471506406,1,reported,reported,endpoint,
713676,"The PNC Financial Services Group, Inc.",2018-12-31,0.008644566972183682,1,reported,reported,endpoint,
713676,"The PNC Financial Services Group, Inc.",2019-03-31,0.009458207048568494,1,reported,reported,endpoint,
713676,"The PNC Financial Services Group, Inc.",2019-06-30,0.010128175502598417,1,reported,reported,endpoint,
713676,"The PNC Financial Services Group, Inc.",2019-09-30,0.010042268304445264,1,reported,reported,endpoint,
713676,"The PNC Financial Services Group, Inc.",2019-12-31,0.008676266795203953,1,reported,reported,endpoint,
713676,"The PNC Financial Services Group, Inc.",2020-03-31,0.0067087079028579095,1,reported,reported,endpoint,
713676,"The PNC Financial Services Group, Inc.",2020-06-30,0.002287670510548027,1,reported,reported,endpoint,
713676,"The PNC Financial Services Group, Inc.",2020-09-30,0.001194521343997934,1,reported,reported,endpoint,
713676,"The PNC Financial Services Group, Inc.",2020-12-31,0.0008389128955157731,1,reported,reported,endpoint,
713676,"The PNC Financial Services Group, Inc.",2021-03-31,0.0006288665466579673,1,reported,reported,endpoint,
713676,"The PNC Financial Services Group, Inc.",2021-06-30,0.0004017502921059416,1,reported,reported,endpoint,
713676,"The PNC Financial Services Group, Inc.",2021-09-30,0.0003964497243649115,1,reported,reported,endpoint,
713676,"The PNC Financial Services Group, Inc.",2021-12-31,0.000357493967289302,1,reported,reported,endpoint,
713676,"The PNC Financial Services Group, Inc.",2022-03-31,0.00036072264770423417,1,reported,reported,endpoint,
713676,"The PNC Financial Services Group, Inc.",2022-06-30,0.0011957618395708846,1,reported,reported,endpoint,
713676,"The PNC Financial Services Group, Inc.",2022-09-30,0.004536796421268235,1,reported,reported,endpoint,
713676,"The PNC Financial Services Group, Inc.",2022-12-31,0.010417067569821293,1,reported,reported,endpoint,
713676,"The PNC Financial Services Group, Inc.",2023-03-31,0.01619727807941183,1,reported,reported,endpoint,
713676,"The PNC Financial Services Group, Inc.",2023-06-30,0.019320928060777003,1,reported,reported,endpoint,
713676,"The PNC Financial Services Group, Inc.",2023-09-30,0.022545347034160855,1,reported,reported,endpoint,
713676,"The PNC Financial Services Group, Inc.",2023-12-31,0.024927139657579818,1,reported,reported,endpoint,
713676,"The PNC Financial Services Group, Inc.",2024-03-31,0.025363059930456126,1,reported,reported,endpoint,
713676,"The PNC Financial Services Group, Inc.",2024-06-30,0.02590034457152267,1,reported,reported,endpoint,
713676,"The PNC Financial Services Group, Inc.",2024-09-30,0.02708134726666626,1,reported,reported,endpoint,
713676,"The PNC Financial Services Group, Inc.",2024-12-31,0.024064867388812233,1,reported,reported,endpoint,
713676,"The PNC Financial Services Group, Inc.",2025-03-31,0.021878951794909028,1,reported,reported,endpoint,
713676,"The PNC Financial Services Group, Inc.",2025-06-30,0.022132718335667566,1,reported,reported,endpoint,
713676,"The PNC Financial Services Group, Inc.",2025-09-30,0.02318894894332176,1,reported,reported,endpoint,
713676,"The PNC Financial Services Group, Inc.",2025-12-31,0.021356675966292198,1,reported,reported,endpoint,
713676,"The PNC Financial Services Group, Inc.",2026-03-31,0.019366487047615327,1,reported,reported,endpoint,
713676,"The PNC Financial Services Group, Inc.",2026-06-30,0.019198940748096655,1,reported,reported,endpoint,
36104,U.S. Bancorp,2008-12-31,0.012867647058823529,1,reported,derived_residual,endpoint,
36104,U.S. Bancorp,2009-06-30,0.00979726830942519,1,reported,derived_residual,endpoint,
36104,U.S. Bancorp,2009-09-30,0.008826242574074758,1,reported,derived_residual,endpoint,
36104,U.S. Bancorp,2009-12-31,0.007307522611956762,1,reported,derived_residual,endpoint,
36104,U.S. Bancorp,2010-03-31,0.006504692474125932,1,reported,derived_residual,endpoint,
36104,U.S. Bancorp,2010-06-30,0.006475786496995405,1,reported,derived_residual,endpoint,
36104,U.S. Bancorp,2010-09-30,0.006300458215142919,1,reported,derived_residual,endpoint,
36104,U.S. Bancorp,2010-12-31,0.007172614216925205,1,reported,reported,endpoint,
36104,U.S. Bancorp,2011-03-31,0.005804507175015814,1,reported,derived_residual,endpoint,
36104,U.S. Bancorp,2011-06-30,0.005330862520863346,1,reported,derived_residual,endpoint,
36104,U.S. Bancorp,2011-09-30,0.006199551913574563,1,reported,reported,endpoint,
36104,U.S. Bancorp,2011-12-31,0.005758513472398466,1,reported,reported,endpoint,
36104,U.S. Bancorp,2012-03-31,0.005139344378664622,1,reported,reported,endpoint,
36104,U.S. Bancorp,2012-06-30,0.005286106797276311,1,reported,reported,endpoint,
36104,U.S. Bancorp,2012-09-30,0.005037230109164391,1,reported,reported,endpoint,
36104,U.S. Bancorp,2012-12-31,0.00441180500369934,1,reported,reported,endpoint,
36104,U.S. Bancorp,2013-03-31,0.004163700589633728,1,reported,reported,endpoint,
36104,U.S. Bancorp,2013-06-30,0.003899981718835693,1,reported,reported,endpoint,
36104,U.S. Bancorp,2013-09-30,0.0035064535754705255,1,reported,reported,endpoint,
36104,U.S. Bancorp,2013-12-31,0.0032785835494509013,1,reported,reported,endpoint,
36104,U.S. Bancorp,2014-03-31,0.003014222571207842,1,reported,reported,endpoint,
36104,U.S. Bancorp,2014-06-30,0.0027382289183395282,1,reported,reported,endpoint,
36104,U.S. Bancorp,2014-09-30,0.002786696552977525,1,reported,reported,endpoint,
36104,U.S. Bancorp,2014-12-31,0.0022783700890901125,1,reported,reported,endpoint,
36104,U.S. Bancorp,2015-03-31,0.0026243654540096637,1,reported,reported,endpoint,
36104,U.S. Bancorp,2015-06-30,0.0024224364780346106,1,reported,reported,endpoint,
36104,U.S. Bancorp,2015-09-30,0.0024319249331489663,1,reported,reported,endpoint,
36104,U.S. Bancorp,2015-12-31,0.0020864684213927637,1,reported,reported,endpoint,
36104,U.S. Bancorp,2016-03-31,0.00246081941745854,1,reported,reported,endpoint,
36104,U.S. Bancorp,2016-06-30,0.002631829554407016,1,reported,reported,endpoint,
36104,U.S. Bancorp,2016-09-30,0.0026232820354061604,1,reported,reported,endpoint,
36104,U.S. Bancorp,2016-12-31,0.002736495595449369,1,reported,reported,endpoint,
36104,U.S. Bancorp,2017-03-31,0.0031631108161700133,1,reported,reported,endpoint,
36104,U.S. Bancorp,2017-06-30,0.0037445964921941684,1,reported,reported,endpoint,
36104,U.S. Bancorp,2017-09-30,0.004500128629956573,1,reported,reported,endpoint,
36104,U.S. Bancorp,2017-12-31,0.004790917283503685,1,reported,reported,endpoint,
36104,U.S. Bancorp,2018-03-31,0.00526085050416484,1,reported,reported,endpoint,
36104,U.S. Bancorp,2018-06-30,0.006623620886898184,1,reported,reported,endpoint,
36104,U.S. Bancorp,2018-09-30,0.007731309441330226,1,reported,reported,endpoint,
36104,U.S. Bancorp,2018-12-31,0.009193519024212634,1,reported,reported,endpoint,
36104,U.S. Bancorp,2019-03-31,0.01016453382084095,1,reported,reported,endpoint,
36104,U.S. Bancorp,2019-06-30,0.011003332045760577,1,reported,reported,endpoint,
36104,U.S. Bancorp,2019-09-30,0.01072498135020884,1,reported,reported,endpoint,
36104,U.S. Bancorp,2019-12-31,0.00913643888434861,1,reported,reported,endpoint,
36104,U.S. Bancorp,2020-03-31,0.00692105384579892,1,reported,reported,endpoint,
36104,U.S. Bancorp,2020-06-30,0.00255613786015686,1,reported,reported,endpoint,
36104,U.S. Bancorp,2020-09-30,0.001741261879089454,1,reported,reported,endpoint,
36104,U.S. Bancorp,2020-12-31,0.0012961970732896775,1,reported,reported,endpoint,
36104,U.S. Bancorp,2021-03-31,0.0011074666049959772,1,reported,reported,endpoint,
36104,U.S. Bancorp,2021-06-30,0.0010859524763358374,1,reported,reported,endpoint,
36104,U.S. Bancorp,2021-09-30,0.0010151194229436511,1,reported,reported,endpoint,
36104,U.S. Bancorp,2021-12-31,0.000934049853354173,1,reported,reported,endpoint,
36104,U.S. Bancorp,2022-03-31,0.0009645730407863681,1,reported,reported,endpoint,
36104,U.S. Bancorp,2022-06-30,0.0020948480939249406,1,reported,reported,endpoint,
36104,U.S. Bancorp,2022-09-30,0.006000977687376033,1,reported,reported,endpoint,
36104,U.S. Bancorp,2022-12-31,0.011166403689768175,1,reported,reported,endpoint,
36104,U.S. Bancorp,2023-03-31,0.015811148698337992,1,reported,reported,endpoint,
36104,U.S. Bancorp,2023-06-30,0.018617200026884044,1,reported,reported,endpoint,
36104,U.S. Bancorp,2023-09-30,0.024550852618757613,1,reported,reported,endpoint,
36104,U.S. Bancorp,2023-12-31,0.02605588613454631,1,reported,reported,endpoint,
36104,U.S. Bancorp,2024-03-31,0.026407656755401826,1,reported,reported,endpoint,
36104,U.S. Bancorp,2024-06-30,0.027714407968349928,1,reported,reported,endpoint,
36104,U.S. Bancorp,2024-09-30,0.027667956886249605,1,reported,reported,endpoint,
36104,U.S. Bancorp,2024-12-31,0.02553950123344182,1,reported,reported,endpoint,
36104,U.S. Bancorp,2025-03-31,0.023443243962384376,1,reported,reported,endpoint,
36104,U.S. Bancorp,2025-06-30,0.023541673904735435,1,reported,reported,endpoint,
36104,U.S. Bancorp,2025-09-30,0.024371892250097216,1,reported,reported,endpoint,
36104,U.S. Bancorp,2025-12-31,0.022378452408126,1,reported,reported,endpoint,
36104,U.S. Bancorp,2026-03-31,0.020628705873852394,1,reported,reported,endpoint,
36104,U.S. Bancorp,2026-06-30,0.020883984090527143,1,reported,reported,endpoint,
92230,Truist Financial Corporation,2008-12-31,0.01991431665175839,1,reported,derived_residual,endpoint,
92230,Truist Financial Corporation,2009-06-30,0.014864707931715248,1,reported,derived_residual,endpoint,
92230,Truist Financial Corporation,2009-09-30,0.012980372924862005,1,reported,derived_residual,endpoint,
92230,Truist Financial Corporation,2009-12-31,0.01224744844823995,1,reported,reported,endpoint,
92230,Truist Financial Corporation,2010-03-31,0.010939694406606054,1,reported,derived_residual,endpoint,
92230,Truist Financial Corporation,2010-06-30,0.011383496292097681,1,reported,derived_residual,endpoint,
92230,Truist Financial Corporation,2010-09-30,0.010488043630261502,1,reported,derived_residual,endpoint,
92230,Truist Financial Corporation,2010-12-31,0.008870818702642764,1,reported,reported,endpoint,
92230,Truist Financial Corporation,2011-03-31,0.00804242260344037,1,reported,reported,endpoint,
92230,Truist Financial Corporation,2011-06-30,0.0071063735287586055,1,reported,reported,endpoint,
92230,Truist Financial Corporation,2011-09-30,0.006450919255993979,1,reported,reported,endpoint,
92230,Truist Financial Corporation,2011-12-31,0.005521132436653065,1,reported,reported,endpoint,
92230,Truist Financial Corporation,2012-03-31,0.0050027391030212824,1,reported,reported,endpoint,
92230,Truist Financial Corporation,2012-06-30,0.004394476102469326,1,reported,reported,endpoint,
92230,Truist Financial Corporation,2012-09-30,0.00423352955406822,1,reported,reported,endpoint,
92230,Truist Financial Corporation,2013-03-31,0.003506054058461413,1,reported,reported,endpoint,
92230,Truist Financial Corporation,2013-06-30,0.0032059515613600633,1,reported,reported,endpoint,
92230,Truist Financial Corporation,2013-09-30,0.0030968407922751027,1,reported,reported,endpoint,
92230,Truist Financial Corporation,2013-12-31,0.0028107196523355998,1,reported,reported,endpoint,
92230,Truist Financial Corporation,2014-03-31,0.0026329069486802554,1,reported,derived_residual,endpoint,
92230,Truist Financial Corporation,2014-06-30,0.0025480952987641738,1,reported,derived_residual,endpoint,
92230,Truist Financial Corporation,2014-09-30,0.0026430095646616625,1,reported,derived_residual,endpoint,
92230,Truist Financial Corporation,2014-12-31,0.0025705231901079176,1,reported,reported,endpoint,
92230,Truist Financial Corporation,2015-03-31,0.002449479485609308,1,reported,reported,endpoint,
92230,Truist Financial Corporation,2015-06-30,0.002429623739632685,1,reported,reported,endpoint,
92230,Truist Financial Corporation,2015-09-30,0.0023660147197145267,1,reported,reported,endpoint,
92230,Truist Financial Corporation,2015-12-31,0.0023977801196956366,1,reported,reported,endpoint,
92230,Truist Financial Corporation,2016-03-31,0.002479611011022646,1,reported,reported,endpoint,
92230,Truist Financial Corporation,2016-06-30,0.00232604626651402,1,reported,reported,endpoint,
92230,Truist Financial Corporation,2016-09-30,0.0022770050039021255,1,reported,reported,endpoint,
92230,Truist Financial Corporation,2016-12-31,0.0022275578115157437,1,reported,reported,endpoint,
92230,Truist Financial Corporation,2017-03-31,0.00255387661814918,1,reported,reported,endpoint,
92230,Truist Financial Corporation,2017-06-30,0.0030880579010856453,1,reported,reported,endpoint,
92230,Truist Financial Corporation,2017-09-30,0.0035656211429578983,1,reported,reported,endpoint,
92230,Truist Financial Corporation,2017-12-31,0.004015288984981275,1,reported,reported,endpoint,
92230,Truist Financial Corporation,2018-03-31,0.004577591139645625,1,reported,derived_residual,endpoint,
92230,Truist Financial Corporation,2018-06-30,0.005627108977710185,1,reported,derived_residual,endpoint,
92230,Truist Financial Corporation,2018-09-30,0.006817956594985631,1,reported,derived_residual,endpoint,
92230,Truist Financial Corporation,2018-12-31,0.007617357220773938,1,reported,reported,endpoint,
92230,Truist Financial Corporation,2019-03-31,0.009480537730104455,1,reported,derived_residual,endpoint,
92230,Truist Financial Corporation,2019-06-30,0.010199602103434426,1,reported,derived_residual,endpoint,
92230,Truist Financial Corporation,2019-09-30,0.009889337943492104,1,reported,derived_residual,endpoint,
92230,Truist Financial Corporation,2019-12-31,0.00501811639058773,1,reported,reported,endpoint,
92230,Truist Financial Corporation,2020-03-31,0.00666769612093712,1,reported,reported,endpoint,
92230,Truist Financial Corporation,2020-06-30,0.003171084755522775,1,reported,reported,endpoint,
92230,Truist Financial Corporation,2020-09-30,0.001558125380401704,1,reported,reported,endpoint,
92230,Truist Financial Corporation,2020-12-31,0.0010574161169155014,1,reported,reported,endpoint,
92230,Truist Financial Corporation,2021-03-31,0.0007258491083252576,1,reported,reported,endpoint,
92230,Truist Financial Corporation,2021-06-30,0.000554579905721416,1,reported,reported,endpoint,
92230,Truist Financial Corporation,2021-09-30,0.000503313480412717,1,reported,reported,endpoint,
92230,Truist Financial Corporation,2021-12-31,0.0004730299043592662,1,reported,reported,endpoint,
92230,Truist Financial Corporation,2022-03-31,0.00046062717268480864,1,reported,reported,endpoint,
92230,Truist Financial Corporation,2022-06-30,0.0014295667618507836,1,reported,reported,endpoint,
92230,Truist Financial Corporation,2022-09-30,0.004882618027333811,1,reported,reported,endpoint,
92230,Truist Financial Corporation,2022-12-31,0.009836077378102126,1,reported,reported,endpoint,
92230,Truist Financial Corporation,2023-03-31,0.016287941855667117,1,reported,reported,endpoint,
92230,Truist Financial Corporation,2023-06-30,0.021490999676297976,1,reported,reported,endpoint,
92230,Truist Financial Corporation,2023-09-30,0.026229045350273514,1,reported,reported,endpoint,
92230,Truist Financial Corporation,2023-12-31,0.026977107454589592,1,reported,reported,endpoint,
92230,Truist Financial Corporation,2024-03-31,0.027724058101946614,1,reported,reported,endpoint,
92230,Truist Financial Corporation,2024-06-30,0.028996659487020904,1,reported,reported,endpoint,
92230,Truist Financial Corporation,2024-09-30,0.028588259508719134,1,reported,reported,endpoint,
92230,Truist Financial Corporation,2024-12-31,0.02621231979030144,1,reported,reported,endpoint,
92230,Truist Financial Corporation,2025-03-31,0.023517060367454067,1,reported,reported,endpoint,
92230,Truist Financial Corporation,2025-06-30,0.024612920448478376,1,reported,reported,endpoint,
92230,Truist Financial Corporation,2025-09-30,0.025423435281077898,1,reported,reported,endpoint,
92230,Truist Financial Corporation,2025-12-31,0.022119428660440355,1,reported,reported,endpoint,
92230,Truist Financial Corporation,2026-03-31,0.02042723050287823,1,reported,reported,endpoint,
92230,Truist Financial Corporation,2026-06-30,0.020653164523764252,1,reported,reported,endpoint,
36270,M&T Bank Corporation,2008-12-31,0.013181760249807526,3,summed_components,reported,closing_only,1.0
36270,M&T Bank Corporation,2009-06-30,0.0070907085355063825,3,summed_components,reported,closing_only,1.0
36270,M&T Bank Corporation,2009-09-30,0.006275723082299929,3,summed_components,reported,closing_only,1.0
36270,M&T Bank Corporation,2009-12-31,0.005253547967856076,3,summed_components,reported,closing_only,1.0
36270,M&T Bank Corporation,2010-03-31,0.004242464592575203,3,summed_components,reported,closing_only,1.0
36270,M&T Bank Corporation,2010-06-30,0.004066522271023024,3,summed_components,reported,closing_only,1.0
36270,M&T Bank Corporation,2010-09-30,0.0037238804624999356,3,summed_components,reported,closing_only,1.0
36270,M&T Bank Corporation,2010-12-31,0.003506134007789214,3,summed_components,reported,closing_only,1.0
36270,M&T Bank Corporation,2011-03-31,0.003078731012218679,3,summed_components,reported,closing_only,1.0
36270,M&T Bank Corporation,2011-06-30,0.002737432869910567,3,summed_components,reported,closing_only,1.0
36270,M&T Bank Corporation,2011-09-30,0.002749721434355974,3,summed_components,reported,closing_only,1.0
36270,M&T Bank Corporation,2011-12-31,0.0024988783080442147,3,summed_components,reported,closing_only,1.0
36270,M&T Bank Corporation,2012-03-31,0.0021137051283173103,3,summed_components,reported,closing_only,1.0
36270,M&T Bank Corporation,2012-06-30,0.0019153043158760806,3,summed_components,reported,closing_only,1.0
36270,M&T Bank Corporation,2012-09-30,0.0017508014481732682,3,summed_components,reported,closing_only,1.0
36270,M&T Bank Corporation,2012-12-31,0.0016114308928073665,3,summed_components,reported,closing_only,1.0
36270,M&T Bank Corporation,2013-03-31,0.0014099306548010357,3,summed_components,reported,closing_only,1.0
36270,M&T Bank Corporation,2013-06-30,0.0013277192849931627,3,summed_components,reported,closing_only,1.0
36270,M&T Bank Corporation,2013-09-30,0.0012265871356415116,3,summed_components,reported,closing_only,1.0
36270,M&T Bank Corporation,2013-12-31,0.0011052671947387707,3,summed_components,reported,closing_only,1.0
36270,M&T Bank Corporation,2014-03-31,0.000934273541913036,3,summed_components,reported,closing_only,1.0
36270,M&T Bank Corporation,2014-06-30,0.0008905722966684952,3,summed_components,reported,closing_only,1.0
36270,M&T Bank Corporation,2014-09-30,0.0008550809210177109,3,summed_components,reported,closing_only,1.0
36270,M&T Bank Corporation,2014-12-31,0.0008479241534617144,3,summed_components,reported,closing_only,1.0
36270,M&T Bank Corporation,2015-03-31,0.0008004987354968033,3,summed_components,reported,closing_only,1.0215717555663453
36270,M&T Bank Corporation,2015-06-30,0.0008205467799576368,3,summed_components,reported,closing_only,1.0239862542955327
36270,M&T Bank Corporation,2015-09-30,0.0008472737981235965,3,summed_components,reported,closing_only,1.0238552779802532
36270,M&T Bank Corporation,2015-12-31,0.0012943322581920992,3,summed_components,reported,closing_only,1.0
36270,M&T Bank Corporation,2016-03-31,0.0017330651681752513,3,summed_components,reported,closing_only,1.0
36270,M&T Bank Corporation,2016-06-30,0.0020108588788329156,3,summed_components,reported,closing_only,1.0
36270,M&T Bank Corporation,2016-09-30,0.002125888599740495,3,summed_components,reported,closing_only,1.0
36270,M&T Bank Corporation,2016-12-31,0.001004671755076734,X,summed_components,reported,endpoint,0.47230372368706064
36270,M&T Bank Corporation,2017-03-31,0.0007940024558925051,X,summed_components,reported,endpoint,0.42904871149520013
36270,M&T Bank Corporation,2017-06-30,0.0007091654351381424,X,summed_components,reported,endpoint,0.3519001846075498
36270,M&T Bank Corporation,2017-09-30,0.0006117626381068218,X,summed_components,reported,endpoint,0.2749538603506613
36270,M&T Bank Corporation,2017-12-31,0.0005427548982796526,X,summed_components,reported,endpoint,0.24199274523423633
36270,M&T Bank Corporation,2018-03-31,0.0004977424672030178,X,summed_components,reported,endpoint,0.21828948383612376
36270,M&T Bank Corporation,2018-06-30,0.0005333776141899236,X,summed_components,reported,endpoint,0.19629959434055605
36270,M&T Bank Corporation,2018-09-30,0.0006520949267490353,X,summed_components,reported,endpoint,0.2055794477138977
36270,M&T Bank Corporation,2018-12-31,0.0008564212046571603,X,summed_components,reported,endpoint,0.2161759600416606
36270,M&T Bank Corporation,2019-03-31,0.0011415528394850213,X,summed_components,reported,endpoint,0.2532342065772826
36270,M&T Bank Corporation,2019-06-30,0.0013512065484783415,X,summed_components,reported,endpoint,0.25276061602748784
36270,M&T Bank Corporation,2019-09-30,0.001332044591195698,X,summed_components,reported,endpoint,0.23221748119473892
36270,M&T Bank Corporation,2019-12-31,0.0012189502573855886,X,summed_components,reported,endpoint,0.23203496593392467
36270,M&T Bank Corporation,2020-03-31,0.0010097889760238303,X,summed_components,reported,endpoint,0.24484718228727986
36270,M&T Bank Corporation,2020-06-30,0.000697376910031081,X,summed_components,reported,endpoint,0.43107230418512626
36270,M&T Bank Corporation,2020-09-30,0.0005126631488168296,X,summed_components,reported,endpoint,0.39716922745741734
36270,M&T Bank Corporation,2020-12-31,0.0003418534093917939,X,summed_components,reported,endpoint,0.34038097137728135
36270,M&T Bank Corporation,2021-03-31,0.00022401007375948096,X,summed_components,reported,endpoint,0.3847799347558693
36270,M&T Bank Corporation,2021-06-30,0.00015904104858819416,X,summed_components,reported,endpoint,0.38777372262773724
36270,M&T Bank Corporation,2021-09-30,0.00011104783280504028,X,summed_components,reported,endpoint,0.33793625271919037
36270,M&T Bank Corporation,2021-12-31,0.00010135057393867601,X,summed_components,reported,endpoint,0.3483122583342042
36270,M&T Bank Corporation,2022-03-31,4.423730947923765e-05,X,summed_components,reported,endpoint,0.17153732809430255
36270,M&T Bank Corporation,2022-06-30,2.8809850968542812e-05,X,summed_components,reported,endpoint,0.04211574105855701
36270,M&T Bank Corporation,2022-09-30,2.7440503848664937e-05,X,summed_components,reported,endpoint,0.016099922651617155
36270,M&T Bank Corporation,2022-12-31,0.0004954163226615295,X,summed_components,reported,endpoint,0.10777614577346362
36270,M&T Bank Corporation,2023-03-31,0.002237934703100244,X,summed_components,reported,endpoint,0.24316939890710382
36270,M&T Bank Corporation,2023-06-30,0.003702369479443149,X,summed_components,reported,endpoint,0.28901734104046245
36270,M&T Bank Corporation,2023-09-30,0.004922992726028442,X,summed_components,reported,endpoint,0.2902252981633911
36270,M&T Bank Corporation,2023-12-31,0.005634699952227544,X,summed_components,reported,endpoint,0.27519467031678496
36270,M&T Bank Corporation,2024-03-31,0.005382903897222422,X,summed_components,reported,endpoint,0.26785714285714285
36270,M&T Bank Corporation,2024-06-30,0.005428053279969983,X,summed_components,reported,endpoint,0.25988023952095807
36270,M&T Bank Corporation,2024-09-30,0.004375463373725343,3,summed_components,reported,closing_only,
36270,M&T Bank Corporation,2024-12-31,0.003947981004997051,3,summed_components,reported,closing_only,
36270,M&T Bank Corporation,2025-03-31,0.002998627644203157,3,summed_components,reported,closing_only,
36270,M&T Bank Corporation,2025-06-30,0.002991736240749637,3,summed_components,reported,closing_only,
36270,M&T Bank Corporation,2025-09-30,0.0029126332407328087,3,summed_components,reported,closing_only,
36270,M&T Bank Corporation,2025-12-31,0.0026122018584977444,3,summed_components,reported,closing_only,
36270,M&T Bank Corporation,2026-03-31,0.002369595886186111,3,summed_components,reported,closing_only,
36270,M&T Bank Corporation,2026-06-30,0.00246321461349439,3,summed_components,reported,closing_only,
40729,Ally Financial Inc.,2010-12-31,0.010293360782295419,1,reported,reported,endpoint,
40729,Ally Financial Inc.,2011-06-30,0.017161351832802266,1,reported,reported,endpoint,
40729,Ally Financial Inc.,2011-09-30,0.017202441016769977,1,reported,reported,endpoint,
40729,Ally Financial Inc.,2011-12-31,0.009204806954743032,1,reported,reported,endpoint,
40729,Ally Financial Inc.,2012-03-31,0.014523745878998484,1,reported,reported,endpoint,
40729,Ally Financial Inc.,2012-06-30,0.014040938110177486,1,reported,reported,endpoint,
40729,Ally Financial Inc.,2012-09-30,0.013337554078294818,1,reported,reported,endpoint,
40729,Ally Financial Inc.,2012-12-31,0.014280116679002133,1,reported,reported,endpoint,
40729,Ally Financial Inc.,2013-03-31,0.013257346105654582,1,reported,reported,endpoint,
40729,Ally Financial Inc.,2013-06-30,0.012946276946436778,1,reported,reported,endpoint,
40729,Ally Financial Inc.,2013-09-30,0.012546906571730973,1,reported,reported,endpoint,
40729,Ally Financial Inc.,2013-12-31,0.012385062863576657,1,reported,reported,endpoint,
40729,Ally Financial Inc.,2014-03-31,0.011791087962962963,1,reported,reported,endpoint,
40729,Ally Financial Inc.,2014-06-30,0.011853756069694374,1,reported,reported,endpoint,
40729,Ally Financial Inc.,2014-09-30,0.01169467047095706,1,reported,reported,endpoint,
40729,Ally Financial Inc.,2014-12-31,0.011627306971224135,1,reported,reported,endpoint,
40729,Ally Financial Inc.,2015-03-31,0.011316533982498848,1,reported,reported,endpoint,
40729,Ally Financial Inc.,2015-06-30,0.011445568883572052,1,reported,reported,endpoint,
40729,Ally Financial Inc.,2015-09-30,0.011321344800625488,1,reported,reported,endpoint,
40729,Ally Financial Inc.,2015-12-31,0.011327177695100091,1,reported,reported,endpoint,
40729,Ally Financial Inc.,2016-03-31,0.011001382298034856,1,reported,reported,endpoint,
40729,Ally Financial Inc.,2016-06-30,0.011167959509269956,1,reported,reported,endpoint,
40729,Ally Financial Inc.,2016-09-30,0.011210554843144772,1,reported,reported,endpoint,
40729,Ally Financial Inc.,2016-12-31,0.011249334921077301,1,reported,reported,endpoint,
40729,Ally Financial Inc.,2017-03-31,0.010949943117178612,1,reported,reported,endpoint,
40729,Ally Financial Inc.,2017-06-30,0.011617640224917515,1,reported,reported,endpoint,
40729,Ally Financial Inc.,2017-09-30,0.012668496560614311,1,reported,reported,endpoint,
40729,Ally Financial Inc.,2017-12-31,0.013355090823206081,1,reported,reported,endpoint,
40729,Ally Financial Inc.,2018-03-31,0.014426040853232501,1,reported,reported,endpoint,
40729,Ally Financial Inc.,2018-06-30,0.016189732301356244,1,reported,reported,endpoint,
40729,Ally Financial Inc.,2018-09-30,0.018261050010375597,1,reported,reported,endpoint,
40729,Ally Financial Inc.,2018-12-31,0.019729148591044552,1,reported,reported,endpoint,
40729,Ally Financial Inc.,2019-03-31,0.02092649216140264,1,reported,reported,endpoint,
40729,Ally Financial Inc.,2019-06-30,0.022416776426228663,1,reported,reported,endpoint,
40729,Ally Financial Inc.,2019-09-30,0.02210390177536658,1,reported,reported,endpoint,
40729,Ally Financial Inc.,2019-12-31,0.021121915230492484,1,reported,reported,endpoint,
40729,Ally Financial Inc.,2020-03-31,0.019380447681794002,1,reported,reported,endpoint,
40729,Ally Financial Inc.,2020-06-30,0.016531451009151883,1,reported,reported,endpoint,
40729,Ally Financial Inc.,2020-09-30,0.01341455271221778,1,reported,reported,endpoint,
40729,Ally Financial Inc.,2020-12-31,0.010722528997575014,1,reported,reported,endpoint,
40729,Ally Financial Inc.,2021-03-31,0.008778598579932583,1,reported,reported,endpoint,
40729,Ally Financial Inc.,2021-06-30,0.007714727789572164,1,reported,reported,endpoint,
40729,Ally Financial Inc.,2021-09-30,0.0070363376580483495,1,reported,reported,endpoint,
40729,Ally Financial Inc.,2021-12-31,0.006392849060873501,1,reported,reported,endpoint,
40729,Ally Financial Inc.,2022-03-31,0.005931131412508784,1,reported,reported,endpoint,
40729,Ally Financial Inc.,2022-06-30,0.007502710104410338,1,reported,reported,endpoint,
40729,Ally Financial Inc.,2022-09-30,0.01558430849784582,1,reported,reported,endpoint,
40729,Ally Financial Inc.,2022-12-31,0.024876406858104553,1,reported,reported,endpoint,
40729,Ally Financial Inc.,2023-03-31,0.0316434714214211,1,reported,reported,endpoint,
40729,Ally Financial Inc.,2023-06-30,0.036795329224781056,1,reported,reported,endpoint,
40729,Ally Financial Inc.,2023-09-30,0.04095724121666328,1,reported,reported,endpoint,
40729,Ally Financial Inc.,2023-12-31,0.0419603046716755,1,reported,reported,endpoint,
40729,Ally Financial Inc.,2024-03-31,0.04262102525379646,1,reported,reported,endpoint,
40729,Ally Financial Inc.,2024-06-30,0.041947920367373256,1,reported,reported,endpoint,
40729,Ally Financial Inc.,2024-09-30,0.04258907864220957,1,reported,reported,endpoint,
40729,Ally Financial Inc.,2024-12-31,0.04033200610130544,1,reported,reported,endpoint,
40729,Ally Financial Inc.,2025-03-31,0.03709309626887868,1,reported,reported,endpoint,
40729,Ally Financial Inc.,2025-06-30,0.03598919511749294,1,reported,reported,endpoint,
40729,Ally Financial Inc.,2025-09-30,0.035133166032542705,1,reported,reported,endpoint,
40729,Ally Financial Inc.,2025-12-31,0.03347324516248251,1,reported,reported,endpoint,
40729,Ally Financial Inc.,2026-03-31,0.03223213410449956,1,reported,reported,endpoint,
40729,Ally Financial Inc.,2026-06-30,0.03119050249199119,1,reported,reported,endpoint,
109380,"Zions Bancorporation, National Association",2010-03-31,0.007656260970692131,1,reported,derived_residual,endpoint,
109380,"Zions Bancorporation, National Association",2010-06-30,0.007551672331888219,1,reported,derived_residual,endpoint,
109380,"Zions Bancorporation, National Association",2010-09-30,0.006696773599535668,1,reported,derived_residual,endpoint,
109380,"Zions Bancorporation, National Association",2011-03-31,0.005445003564869981,1,reported,derived_residual,endpoint,
109380,"Zions Bancorporation, National Association",2011-06-30,0.005129090610527901,1,reported,derived_residual,endpoint,
109380,"Zions Bancorporation, National Association",2011-09-30,0.004701902759923768,1,reported,derived_residual,endpoint,
109380,"Zions Bancorporation, National Association",2011-12-31,0.003982103028640056,1,reported,derived_residual,endpoint,
109380,"Zions Bancorporation, National Association",2012-03-31,0.0034796827280783927,1,reported,derived_residual,endpoint,
109380,"Zions Bancorporation, National Association",2012-06-30,0.0031239968165927843,1,reported,derived_residual,endpoint,
109380,"Zions Bancorporation, National Association",2012-09-30,0.002877859135072573,1,reported,derived_residual,endpoint,
109380,"Zions Bancorporation, National Association",2012-12-31,0.002438003854521544,1,reported,derived_residual,endpoint,
109380,"Zions Bancorporation, National Association",2013-03-31,0.0023020676407136454,1,reported,derived_residual,endpoint,
109380,"Zions Bancorporation, National Association",2013-06-30,0.002225921147959704,1,reported,derived_residual,endpoint,
109380,"Zions Bancorporation, National Association",2013-09-30,0.0021408519257982137,1,reported,derived_residual,endpoint,
109380,"Zions Bancorporation, National Association",2013-12-31,0.001973979252423104,1,reported,derived_residual,endpoint,
109380,"Zions Bancorporation, National Association",2014-03-31,0.0018741523352639859,1,reported,derived_residual,endpoint,
109380,"Zions Bancorporation, National Association",2014-06-30,0.0018565940708096629,1,reported,derived_residual,endpoint,
109380,"Zions Bancorporation, National Association",2014-09-30,0.001858921617874755,1,reported,derived_residual,endpoint,
109380,"Zions Bancorporation, National Association",2014-12-31,0.0018372594174644553,1,reported,derived_residual,endpoint,
109380,"Zions Bancorporation, National Association",2015-03-31,0.0017755135644380944,1,reported,derived_residual,endpoint,
109380,"Zions Bancorporation, National Association",2015-06-30,0.0018000302415599385,1,reported,derived_residual,endpoint,
109380,"Zions Bancorporation, National Association",2015-09-30,0.0018344219210640583,1,reported,derived_residual,endpoint,
109380,"Zions Bancorporation, National Association",2015-12-31,0.0017130394181645173,1,reported,derived_residual,endpoint,
109380,"Zions Bancorporation, National Association",2016-03-31,0.0017133321837350306,1,reported,derived_residual,endpoint,
109380,"Zions Bancorporation, National Association",2016-06-30,0.0017146334786973401,1,reported,derived_residual,endpoint,
109380,"Zions Bancorporation, National Association",2016-09-30,0.0018480423704938997,1,reported,derived_residual,endpoint,
109380,"Zions Bancorporation, National Association",2016-12-31,0.0017856529652141068,1,reported,derived_residual,endpoint,
109380,"Zions Bancorporation, National Association",2017-03-31,0.0017890934113194564,1,reported,derived_residual,endpoint,
109380,"Zions Bancorporation, National Association",2017-06-30,0.001985393178756293,1,reported,derived_residual,endpoint,
109380,"Zions Bancorporation, National Association",2017-09-30,0.0021361435488464827,1,reported,derived_residual,endpoint,
109380,"Zions Bancorporation, National Association",2017-12-31,0.0022272489994779885,1,reported,derived_residual,endpoint,
109380,"Zions Bancorporation, National Association",2018-03-31,0.002753493494871618,1,reported,derived_residual,endpoint,
109380,"Zions Bancorporation, National Association",2018-06-30,0.0039224968721468904,1,reported,derived_residual,endpoint,
109380,"Zions Bancorporation, National Association",2018-09-30,0.005114745272225587,1,reported,derived_residual,endpoint,
109380,"Zions Bancorporation, National Association",2018-12-31,0.006304176516942475,1,reported,derived_residual,endpoint,
109380,"Zions Bancorporation, National Association",2019-03-31,0.007289934774267809,1,reported,derived_residual,endpoint,
109380,"Zions Bancorporation, National Association",2019-06-30,0.00841166162179385,1,reported,derived_residual,endpoint,
109380,"Zions Bancorporation, National Association",2019-09-30,0.008526676758627082,1,reported,derived_residual,endpoint,
109380,"Zions Bancorporation, National Association",2019-12-31,0.007400996747142559,1,reported,derived_residual,endpoint,
109380,"Zions Bancorporation, National Association",2020-03-31,0.006156074597139236,1,reported,derived_residual,endpoint,
109380,"Zions Bancorporation, National Association",2020-06-30,0.002630826422647984,1,reported,derived_residual,endpoint,
109380,"Zions Bancorporation, National Association",2020-09-30,0.00201364805906701,1,reported,derived_residual,endpoint,
109380,"Zions Bancorporation, National Association",2020-12-31,0.0013993918027934012,1,reported,derived_residual,endpoint,
109380,"Zions Bancorporation, National Association",2021-03-31,0.0009480919649205973,1,reported,derived_residual,endpoint,
109380,"Zions Bancorporation, National Association",2021-06-30,0.00073728835874345,1,reported,derived_residual,endpoint,
109380,"Zions Bancorporation, National Association",2021-09-30,0.0007228791242835751,1,reported,derived_residual,endpoint,
109380,"Zions Bancorporation, National Association",2021-12-31,0.0006708836496070539,1,reported,derived_residual,endpoint,
109380,"Zions Bancorporation, National Association",2022-03-31,0.0005938536150838818,1,reported,derived_residual,endpoint,
109380,"Zions Bancorporation, National Association",2022-06-30,0.000722170638605179,1,reported,derived_residual,endpoint,
109380,"Zions Bancorporation, National Association",2022-09-30,0.0020617438012044925,1,reported,derived_residual,endpoint,
109380,"Zions Bancorporation, National Association",2022-12-31,0.004236933797909408,1,reported,derived_residual,endpoint,
109380,"Zions Bancorporation, National Association",2023-03-31,0.008578751896218026,1,reported,derived_residual,endpoint,
109380,"Zions Bancorporation, National Association",2023-06-30,0.019275841675245875,1,reported,derived_residual,endpoint,
109380,"Zions Bancorporation, National Association",2023-09-30,0.030082603871285907,1,reported,derived_residual,endpoint,
109380,"Zions Bancorporation, National Association",2023-12-31,0.032432210521994374,1,reported,derived_residual,endpoint,
109380,"Zions Bancorporation, National Association",2024-03-31,0.030631364562118128,1,reported,derived_residual,endpoint,
109380,"Zions Bancorporation, National Association",2024-06-30,0.03181141540406615,1,reported,derived_residual,endpoint,
109380,"Zions Bancorporation, National Association",2024-09-30,0.031766676519854174,1,reported,derived_residual,endpoint,
109380,"Zions Bancorporation, National Association",2024-12-31,0.028804906927541295,1,reported,derived_residual,endpoint,
109380,"Zions Bancorporation, National Association",2025-03-31,0.025618860510805502,1,reported,derived_residual,endpoint,
109380,"Zions Bancorporation, National Association",2025-06-30,0.02579205158410317,1,reported,derived_residual,endpoint,
109380,"Zions Bancorporation, National Association",2025-09-30,0.02568468560878039,1,reported,derived_residual,endpoint,
109380,"Zions Bancorporation, National Association",2025-12-31,0.02400594126974569,1,reported,derived_residual,endpoint,
109380,"Zions Bancorporation, National Association",2026-03-31,0.02207682735921005,1,reported,derived_residual,endpoint,
109380,"Zions Bancorporation, National Association",2026-06-30,0.022312655086848637,1,reported,derived_residual,endpoint,
719739,SVB Financial Group,2009-12-31,0.004059560386208702,1,reported,derived_residual,endpoint,
719739,SVB Financial Group,2010-06-30,0.0031347854380420846,1,reported,derived_residual,endpoint,
719739,SVB Financial Group,2010-09-30,0.00304720387026306,1,reported,derived_residual,endpoint,
719739,SVB Financial Group,2010-12-31,0.0026011176994492247,1,reported,reported,endpoint,
719739,SVB Financial Group,2011-03-31,0.0021393060277272663,1,reported,derived_residual,endpoint,
719739,SVB Financial Group,2011-06-30,0.00182964464032629,1,reported,reported,endpoint,
719739,SVB Financial Group,2011-09-30,0.0013784938086337116,1,reported,reported,endpoint,
719739,SVB Financial Group,2011-12-31,0.0012236862082395422,1,reported,reported,endpoint,
719739,SVB Financial Group,2012-03-31,0.0012141130600772819,1,reported,reported,endpoint,
719739,SVB Financial Group,2012-06-30,0.0012352288177199468,1,reported,reported,endpoint,
719739,SVB Financial Group,2012-09-30,0.0013576707519681837,1,reported,reported,endpoint,
719739,SVB Financial Group,2012-12-31,0.0013770526809423643,1,reported,reported,endpoint,
719739,SVB Financial Group,2013-03-31,0.0015563461227271116,1,reported,reported,endpoint,
719739,SVB Financial Group,2013-06-30,0.0015228659972873265,1,reported,reported,endpoint,
719739,SVB Financial Group,2013-09-30,0.0016274948173252493,1,reported,reported,endpoint,
719739,SVB Financial Group,2013-12-31,0.001577838753087844,1,reported,reported,endpoint,
719739,SVB Financial Group,2014-03-31,0.001621876341702649,1,reported,reported,endpoint,
719739,SVB Financial Group,2014-06-30,0.0015118890013278308,1,reported,reported,endpoint,
719739,SVB Financial Group,2014-09-30,0.0013673410745957057,1,reported,reported,endpoint,
719739,SVB Financial Group,2014-12-31,0.0013037129692083367,1,reported,reported,endpoint,
719739,SVB Financial Group,2015-03-31,0.0009553792881588408,1,reported,reported,endpoint,
719739,SVB Financial Group,2015-06-30,0.0005990690861725656,1,reported,reported,endpoint,
719739,SVB Financial Group,2015-09-30,0.000552055943575878,1,reported,reported,endpoint,
719739,SVB Financial Group,2015-12-31,0.0005626396403069914,1,reported,reported,endpoint,
719739,SVB Financial Group,2016-03-31,0.0006071706702834549,1,reported,reported,endpoint,
719739,SVB Financial Group,2016-06-30,0.000690134713091954,1,reported,reported,endpoint,
719739,SVB Financial Group,2016-09-30,0.0008574889650666816,1,reported,reported,endpoint,
719739,SVB Financial Group,2016-12-31,0.0009291288018364428,1,reported,reported,endpoint,
719739,SVB Financial Group,2017-03-31,0.0009167397913923099,1,reported,reported,endpoint,
719739,SVB Financial Group,2017-06-30,0.0011845389895025153,1,reported,reported,endpoint,
719739,SVB Financial Group,2017-09-30,0.0011592435332173083,1,reported,reported,endpoint,
719739,SVB Financial Group,2017-12-31,0.0012939263109492329,1,reported,reported,endpoint,
719739,SVB Financial Group,2018-03-31,0.0019460462593293075,1,reported,reported,endpoint,
719739,SVB Financial Group,2018-06-30,0.0030238752311462043,1,reported,reported,endpoint,
719739,SVB Financial Group,2018-09-30,0.003960436509837009,1,reported,reported,endpoint,
719739,SVB Financial Group,2018-12-31,0.004262685812829483,1,reported,reported,endpoint,
719739,SVB Financial Group,2019-03-31,0.0085548628825492,1,reported,reported,endpoint,
719739,SVB Financial Group,2019-06-30,0.011585441927788051,1,reported,reported,endpoint,
719739,SVB Financial Group,2019-09-30,0.011563369387812486,1,reported,reported,endpoint,
719739,SVB Financial Group,2019-12-31,0.009148299476621918,1,reported,reported,endpoint,
719739,SVB Financial Group,2020-03-31,0.007869222105258894,1,reported,reported,endpoint,
719739,SVB Financial Group,2020-06-30,0.0009469366677709,1,reported,reported,endpoint,
719739,SVB Financial Group,2020-09-30,0.001173674868807907,1,reported,reported,endpoint,
719739,SVB Financial Group,2020-12-31,0.00101514254293207,1,reported,reported,endpoint,
719739,SVB Financial Group,2021-03-31,0.0010073001814223175,1,reported,reported,endpoint,
719739,SVB Financial Group,2021-06-30,0.0010767401691379349,1,reported,reported,endpoint,
719739,SVB Financial Group,2021-09-30,0.0013621536365917481,1,reported,reported,endpoint,
719739,SVB Financial Group,2021-12-31,0.0013259249905291071,1,reported,reported,endpoint,
719739,SVB Financial Group,2022-03-31,0.0012546872549438954,1,reported,reported,endpoint,
719739,SVB Financial Group,2022-06-30,0.004163512490537472,1,reported,reported,endpoint,
719739,SVB Financial Group,2022-09-30,0.012024483587062814,1,reported,reported,endpoint,
719739,SVB Financial Group,2022-12-31,0.02226168305253584,1,reported,reported,endpoint,
1102112,PacWest Bancorp,2010-12-31,0.007572540871369816,1,reported,reported,endpoint,
1102112,PacWest Bancorp,2011-06-30,0.007645081457594771,1,reported,reported,endpoint,
1102112,PacWest Bancorp,2011-09-30,0.006933359032692524,1,reported,reported,endpoint,
1102112,PacWest Bancorp,2011-12-31,0.005675644458154399,1,reported,reported,endpoint,
1102112,PacWest Bancorp,2012-03-31,0.005202469007489015,1,reported,reported,endpoint,
1102112,PacWest Bancorp,2012-06-30,0.004907921305542376,1,reported,reported,endpoint,
1102112,PacWest Bancorp,2012-09-30,0.004736090969776488,1,reported,reported,endpoint,
1102112,PacWest Bancorp,2012-12-31,0.004388591827384943,1,reported,reported,endpoint,
1102112,PacWest Bancorp,2013-03-31,0.004056667774376377,1,reported,reported,endpoint,
1102112,PacWest Bancorp,2013-06-30,0.0025707402234204707,1,reported,reported,endpoint,
1102112,PacWest Bancorp,2013-09-30,0.002180092099871926,1,reported,reported,endpoint,
1102112,PacWest Bancorp,2013-12-31,0.0019577788121750888,1,reported,reported,endpoint,
1102112,PacWest Bancorp,2014-03-31,0.0016455106607262612,1,reported,reported,endpoint,
1102112,PacWest Bancorp,2014-06-30,0.003262415318228807,1,reported,reported,endpoint,
1102112,PacWest Bancorp,2014-09-30,0.004064993354989184,1,reported,reported,endpoint,
1102112,PacWest Bancorp,2014-12-31,0.004520513666711395,1,reported,reported,endpoint,
1102112,PacWest Bancorp,2015-03-31,0.0047071707653206524,1,reported,reported,endpoint,
1102112,PacWest Bancorp,2015-06-30,0.004891820778110006,1,reported,reported,endpoint,
1102112,PacWest Bancorp,2015-09-30,0.004833229755825465,1,reported,reported,endpoint,
1102112,PacWest Bancorp,2015-12-31,0.003956301218560576,1,reported,reported,endpoint,
1102112,PacWest Bancorp,2016-03-31,0.0039017731931452987,1,reported,reported,endpoint,
1102112,PacWest Bancorp,2016-06-30,0.0035059834876379125,1,reported,reported,endpoint,
1102112,PacWest Bancorp,2016-09-30,0.003177212107076476,1,reported,reported,endpoint,
1102112,PacWest Bancorp,2016-12-31,0.00319988015104876,1,reported,reported,endpoint,
1102112,PacWest Bancorp,2017-03-31,0.0035119272208946465,1,reported,reported,endpoint,
1102112,PacWest Bancorp,2017-06-30,0.004012212380299546,1,reported,reported,endpoint,
1102112,PacWest Bancorp,2017-09-30,0.005301899705426355,1,reported,reported,endpoint,
1102112,PacWest Bancorp,2017-12-31,0.005422548238511794,1,reported,reported,endpoint,
1102112,PacWest Bancorp,2018-03-31,0.00561328078347068,1,reported,reported,endpoint,
1102112,PacWest Bancorp,2018-06-30,0.006678337197271173,1,reported,reported,endpoint,
1102112,PacWest Bancorp,2018-09-30,0.00841049976490939,1,reported,reported,endpoint,
1102112,PacWest Bancorp,2018-12-31,0.010502672382659482,1,reported,reported,endpoint,
1102112,PacWest Bancorp,2019-03-31,0.011832184474936662,1,reported,reported,endpoint,
1102112,PacWest Bancorp,2019-06-30,0.013460167836682139,1,reported,reported,endpoint,
1102112,PacWest Bancorp,2019-09-30,0.013245343441573222,1,reported,reported,endpoint,
1102112,PacWest Bancorp,2019-12-31,0.011610595661056147,1,reported,reported,endpoint,
1102112,PacWest Bancorp,2020-03-31,0.009364459461217863,1,reported,reported,endpoint,
1102112,PacWest Bancorp,2020-06-30,0.003657589224896,1,reported,reported,endpoint,
1102112,PacWest Bancorp,2020-09-30,0.002705255664377013,1,reported,reported,endpoint,
1102112,PacWest Bancorp,2020-12-31,0.0021474716594832377,1,reported,reported,endpoint,
1102112,PacWest Bancorp,2021-03-31,0.0017435951502249615,1,reported,reported,endpoint,
1102112,PacWest Bancorp,2021-06-30,0.0015806685690937434,1,reported,reported,endpoint,
1102112,PacWest Bancorp,2021-09-30,0.0014519792154503984,1,reported,reported,endpoint,
1102112,PacWest Bancorp,2021-12-31,0.0012949639162274506,1,reported,reported,endpoint,
1102112,PacWest Bancorp,2022-03-31,0.0012955030310138167,1,reported,reported,endpoint,
1102112,PacWest Bancorp,2022-06-30,0.0029785571322090516,1,reported,reported,endpoint,
1102112,PacWest Bancorp,2022-09-30,0.011444942688452295,1,reported,reported,endpoint,
1102112,PacWest Bancorp,2022-12-31,0.02069901760594107,1,reported,reported,endpoint,
1102112,PacWest Bancorp,2023-03-31,0.02947364162126204,1,reported,reported,endpoint,
1102112,PacWest Bancorp,2023-06-30,0.032742651965446866,1,reported,reported,endpoint,
1102112,PacWest Bancorp,2023-09-30,0.03919799227846251,1,reported,reported,endpoint,
