cik,bank,cycle,beta,cost_start,cost_end,tiers
19617,JPMorgan Chase & Co.,calibration,0.32887332085557924,0.0013345322423803498,0.008690332185516804,"1,2"
19617,JPMorgan Chase & Co.,test,0.48276578640808754,0.00041167005436815575,0.025225831475743855,"1,2"
36104,U.S. Bancorp,calibration,0.39466936105770384,0.002245990633424018,0.011073428675747992,1
36104,U.S. Bancorp,test,0.46071216228598283,0.0009801894522425663,0.024660794593742083,1
36270,M&T Bank Corporation,calibration,,0.0012943322581920992,,3
36270,M&T Bank Corporation,test,,,,3
40729,Ally Financial Inc.,calibration,0.49946572732194994,0.011539140241984365,0.022710523676418643,1
40729,Ally Financial Inc.,test,0.6771753334921052,0.0059497793505999125,0.040756591492094124,1
70858,Bank of America Corporation,calibration,0.3118879675590817,0.001124764202646794,0.00810065841038492,1
70858,Bank of America Corporation,test,0.4277203405582024,0.0005225894466407098,0.022507414951332315,1
72971,Wells Fargo & Company,calibration,0.37352223576405025,0.0011117832299494105,0.009466230569872,1
72971,Wells Fargo & Company,test,0.3683379269693221,0.00034835016326290784,0.019280919609486063,1
92230,Truist Financial Corporation,calibration,0.34933619741419286,0.0024012858498421736,0.010214772132006287,1
92230,Truist Financial Corporation,test,0.5004370257831221,0.0004667461593719347,0.026189209284624412,1
109380,"Zions Bancorporation, National Association",calibration,0.2991104664744007,0.001736189766854517,0.008426293866998611,1
109380,"Zions Bancorporation, National Association",test,0.5925931733516911,0.0005842970176506391,0.031043586127927566,1
713676,"The PNC Financial Services Group, Inc.",calibration,0.3443345666258739,0.0025215056481131823,0.010223122121645228,1
713676,"The PNC Financial Services Group, Inc.",test,0.4323126140483883,0.0003591010503705723,0.02257996941245773,1
719739,SVB Financial Group,calibration,0.5500543159845173,0.0005587513012478959,0.012861632835434931,1
719739,SVB Financial Group,test,,0.0013184606971360937,,1
831001,Citigroup Inc.,calibration,0.36894785698250365,0.0070614145472928,0.015313548281801464,1
831001,Citigroup Inc.,test,0.6171260554356138,0.003251707753232341,0.0349719870026229,1
1102112,PacWest Bancorp,calibration,0.41449201410483605,0.004150303660275261,0.013421108375753426,1
1102112,PacWest Bancorp,test,0.7235943252260563,0.001253430250735517,0.038446178567354806,1
