cik,bank,profile,terminal_filer,category,tag,present,facts,instant_facts,quarterly_facts,annual_facts,first_period,last_period
19617,JPMorgan Chase & Co.,large_diversified,False,deposit_interest_expense,InterestExpenseDeposits,True,223.0,0.0,104.0,51.0,2008-12-31,2026-06-30
19617,JPMorgan Chase & Co.,large_diversified,False,deposit_interest_expense,InterestExpenseDomesticDeposits,False,,,,,,
19617,JPMorgan Chase & Co.,large_diversified,False,deposit_interest_expense,InterestExpenseForeignDeposits,False,,,,,,
19617,JPMorgan Chase & Co.,large_diversified,False,deposit_interest_expense,InterestExpenseDemandDeposits,False,,,,,,
19617,JPMorgan Chase & Co.,large_diversified,False,deposit_interest_expense,InterestExpenseSavingsDeposits,False,,,,,,
19617,JPMorgan Chase & Co.,large_diversified,False,deposit_interest_expense,InterestExpenseMoneyMarketDeposits,False,,,,,,
19617,JPMorgan Chase & Co.,large_diversified,False,deposit_interest_expense,InterestExpenseNegotiableOrderOfWithdrawalNOW,False,,,,,,
19617,JPMorgan Chase & Co.,large_diversified,False,deposit_interest_expense,InterestExpenseTimeDeposits,False,,,,,,
19617,JPMorgan Chase & Co.,large_diversified,False,deposit_interest_expense,InterestExpenseDepositsAndShortTermBorrowings,False,,,,,,
19617,JPMorgan Chase & Co.,large_diversified,False,deposit_balance,Deposits,True,146.0,146.0,0.0,0.0,2008-12-31,2026-06-30
19617,JPMorgan Chase & Co.,large_diversified,False,deposit_balance,InterestBearingDepositLiabilities,False,,,,,,
19617,JPMorgan Chase & Co.,large_diversified,False,deposit_balance,NoninterestBearingDepositLiabilities,False,,,,,,
19617,JPMorgan Chase & Co.,large_diversified,False,deposit_balance,InterestBearingDomesticDepositMoneyMarket,False,,,,,,
19617,JPMorgan Chase & Co.,large_diversified,False,deposit_balance,InterestBearingDomesticDepositsSavings,False,,,,,,
19617,JPMorgan Chase & Co.,large_diversified,False,deposit_balance,InterestBearingDomesticDepositsTimeDeposits,False,,,,,,
19617,JPMorgan Chase & Co.,large_diversified,False,deposit_balance,DepositsDomestic,True,126.0,126.0,0.0,0.0,2010-12-31,2026-06-30
19617,JPMorgan Chase & Co.,large_diversified,False,deposit_balance,DepositsForeign,True,138.0,138.0,0.0,0.0,2009-12-31,2026-06-30
19617,JPMorgan Chase & Co.,large_diversified,False,deposit_balance,TimeDeposits,True,27.0,27.0,0.0,0.0,2010-12-31,2026-06-30
19617,JPMorgan Chase & Co.,large_diversified,False,context,Assets,True,206.0,206.0,0.0,0.0,2008-12-31,2026-06-30
19617,JPMorgan Chase & Co.,large_diversified,False,context,Liabilities,True,147.0,147.0,0.0,0.0,2008-12-31,2026-06-30
19617,JPMorgan Chase & Co.,large_diversified,False,context,StockholdersEquity,True,190.0,190.0,0.0,0.0,2008-06-30,2026-06-30
19617,JPMorgan Chase & Co.,large_diversified,False,context,InterestExpense,True,206.0,0.0,96.0,48.0,2007-12-31,2024-03-31
19617,JPMorgan Chase & Co.,large_diversified,False,context,InterestIncomeExpenseNet,True,236.0,0.0,110.0,54.0,2007-12-31,2026-06-30
19617,JPMorgan Chase & Co.,large_diversified,False,context,InterestAndDividendIncomeOperating,True,54.0,0.0,26.0,12.0,2007-12-31,2012-06-30
19617,JPMorgan Chase & Co.,large_diversified,False,context,NetIncomeLoss,True,241.0,0.0,110.0,59.0,2007-12-31,2026-06-30
70858,Bank of America Corporation,large_diversified,False,deposit_interest_expense,InterestExpenseDeposits,True,237.0,0.0,104.0,63.0,2007-12-31,2026-06-30
70858,Bank of America Corporation,large_diversified,False,deposit_interest_expense,InterestExpenseDomesticDeposits,False,,,,,,
70858,Bank of America Corporation,large_diversified,False,deposit_interest_expense,InterestExpenseForeignDeposits,False,,,,,,
70858,Bank of America Corporation,large_diversified,False,deposit_interest_expense,InterestExpenseDemandDeposits,False,,,,,,
70858,Bank of America Corporation,large_diversified,False,deposit_interest_expense,InterestExpenseSavingsDeposits,False,,,,,,
70858,Bank of America Corporation,large_diversified,False,deposit_interest_expense,InterestExpenseMoneyMarketDeposits,False,,,,,,
70858,Bank of America Corporation,large_diversified,False,deposit_interest_expense,InterestExpenseNegotiableOrderOfWithdrawalNOW,False,,,,,,
70858,Bank of America Corporation,large_diversified,False,deposit_interest_expense,InterestExpenseTimeDeposits,False,,,,,,
70858,Bank of America Corporation,large_diversified,False,deposit_interest_expense,InterestExpenseDepositsAndShortTermBorrowings,False,,,,,,
70858,Bank of America Corporation,large_diversified,False,deposit_balance,Deposits,True,142.0,142.0,0.0,0.0,2008-12-31,2026-06-30
70858,Bank of America Corporation,large_diversified,False,deposit_balance,InterestBearingDepositLiabilities,True,2.0,2.0,0.0,0.0,2024-12-31,2025-12-31
70858,Bank of America Corporation,large_diversified,False,deposit_balance,NoninterestBearingDepositLiabilities,True,2.0,2.0,0.0,0.0,2024-12-31,2025-12-31
70858,Bank of America Corporation,large_diversified,False,deposit_balance,InterestBearingDomesticDepositMoneyMarket,False,,,,,,
70858,Bank of America Corporation,large_diversified,False,deposit_balance,InterestBearingDomesticDepositsSavings,False,,,,,,
70858,Bank of America Corporation,large_diversified,False,deposit_balance,InterestBearingDomesticDepositsTimeDeposits,False,,,,,,
70858,Bank of America Corporation,large_diversified,False,deposit_balance,DepositsDomestic,False,,,,,,
70858,Bank of America Corporation,large_diversified,False,deposit_balance,DepositsForeign,False,,,,,,
70858,Bank of America Corporation,large_diversified,False,deposit_balance,TimeDeposits,True,20.0,20.0,0.0,0.0,2010-12-31,2025-12-31
70858,Bank of America Corporation,large_diversified,False,context,Assets,True,192.0,192.0,0.0,0.0,2008-12-31,2026-06-30
70858,Bank of America Corporation,large_diversified,False,context,Liabilities,True,144.0,144.0,0.0,0.0,2008-12-31,2026-06-30
70858,Bank of America Corporation,large_diversified,False,context,StockholdersEquity,True,322.0,322.0,0.0,0.0,2006-12-31,2026-06-30
70858,Bank of America Corporation,large_diversified,False,context,InterestExpense,True,207.0,0.0,90.0,57.0,2007-12-31,2024-03-31
70858,Bank of America Corporation,large_diversified,False,context,InterestIncomeExpenseNet,True,237.0,0.0,104.0,63.0,2007-12-31,2026-06-30
70858,Bank of America Corporation,large_diversified,False,context,InterestAndDividendIncomeOperating,True,237.0,0.0,104.0,63.0,2007-12-31,2026-06-30
70858,Bank of America Corporation,large_diversified,False,context,NetIncomeLoss,True,238.0,0.0,104.0,64.0,2007-12-31,2026-06-30
72971,Wells Fargo & Company,large_diversified,False,deposit_interest_expense,InterestExpenseDeposits,True,228.0,0.0,104.0,54.0,2007-12-31,2026-06-30
72971,Wells Fargo & Company,large_diversified,False,deposit_interest_expense,InterestExpenseDomesticDeposits,False,,,,,,
72971,Wells Fargo & Company,large_diversified,False,deposit_interest_expense,InterestExpenseForeignDeposits,False,,,,,,
72971,Wells Fargo & Company,large_diversified,False,deposit_interest_expense,InterestExpenseDemandDeposits,False,,,,,,
72971,Wells Fargo & Company,large_diversified,False,deposit_interest_expense,InterestExpenseSavingsDeposits,False,,,,,,
72971,Wells Fargo & Company,large_diversified,False,deposit_interest_expense,InterestExpenseMoneyMarketDeposits,False,,,,,,
72971,Wells Fargo & Company,large_diversified,False,deposit_interest_expense,InterestExpenseNegotiableOrderOfWithdrawalNOW,False,,,,,,
72971,Wells Fargo & Company,large_diversified,False,deposit_interest_expense,InterestExpenseTimeDeposits,False,,,,,,
72971,Wells Fargo & Company,large_diversified,False,deposit_interest_expense,InterestExpenseDepositsAndShortTermBorrowings,False,,,,,,
72971,Wells Fargo & Company,large_diversified,False,deposit_balance,Deposits,True,157.0,157.0,0.0,0.0,2008-12-31,2026-06-30
72971,Wells Fargo & Company,large_diversified,False,deposit_balance,InterestBearingDepositLiabilities,True,140.0,140.0,0.0,0.0,2008-12-31,2026-06-30
72971,Wells Fargo & Company,large_diversified,False,deposit_balance,NoninterestBearingDepositLiabilities,True,140.0,140.0,0.0,0.0,2008-12-31,2026-06-30
72971,Wells Fargo & Company,large_diversified,False,deposit_balance,InterestBearingDomesticDepositMoneyMarket,False,,,,,,
72971,Wells Fargo & Company,large_diversified,False,deposit_balance,InterestBearingDomesticDepositsSavings,False,,,,,,
72971,Wells Fargo & Company,large_diversified,False,deposit_balance,InterestBearingDomesticDepositsTimeDeposits,False,,,,,,
72971,Wells Fargo & Company,large_diversified,False,deposit_balance,DepositsDomestic,False,,,,,,
72971,Wells Fargo & Company,large_diversified,False,deposit_balance,DepositsForeign,False,,,,,,
72971,Wells Fargo & Company,large_diversified,False,deposit_balance,TimeDeposits,True,32.0,32.0,0.0,0.0,2009-12-31,2025-12-31
72971,Wells Fargo & Company,large_diversified,False,context,Assets,True,157.0,157.0,0.0,0.0,2008-12-31,2026-06-30
72971,Wells Fargo & Company,large_diversified,False,context,Liabilities,True,140.0,140.0,0.0,0.0,2008-12-31,2026-06-30
72971,Wells Fargo & Company,large_diversified,False,context,StockholdersEquity,True,140.0,140.0,0.0,0.0,2008-12-31,2026-06-30
72971,Wells Fargo & Company,large_diversified,False,context,InterestExpense,True,202.0,0.0,92.0,48.0,2007-12-31,2024-06-30
72971,Wells Fargo & Company,large_diversified,False,context,InterestIncomeExpenseNet,True,228.0,0.0,104.0,54.0,2007-12-31,2026-06-30
72971,Wells Fargo & Company,large_diversified,False,context,InterestAndDividendIncomeOperating,True,228.0,0.0,104.0,54.0,2007-12-31,2026-06-30
72971,Wells Fargo & Company,large_diversified,False,context,NetIncomeLoss,True,228.0,0.0,104.0,54.0,2007-12-31,2026-06-30
831001,Citigroup Inc.,large_diversified,False,deposit_interest_expense,InterestExpenseDeposits,True,221.0,0.0,94.0,63.0,2008-12-31,2025-12-31
831001,Citigroup Inc.,large_diversified,False,deposit_interest_expense,InterestExpenseDomesticDeposits,False,,,,,,
831001,Citigroup Inc.,large_diversified,False,deposit_interest_expense,InterestExpenseForeignDeposits,False,,,,,,
831001,Citigroup Inc.,large_diversified,False,deposit_interest_expense,InterestExpenseDemandDeposits,False,,,,,,
831001,Citigroup Inc.,large_diversified,False,deposit_interest_expense,InterestExpenseSavingsDeposits,False,,,,,,
831001,Citigroup Inc.,large_diversified,False,deposit_interest_expense,InterestExpenseMoneyMarketDeposits,False,,,,,,
831001,Citigroup Inc.,large_diversified,False,deposit_interest_expense,InterestExpenseNegotiableOrderOfWithdrawalNOW,False,,,,,,
831001,Citigroup Inc.,large_diversified,False,deposit_interest_expense,InterestExpenseTimeDeposits,False,,,,,,
831001,Citigroup Inc.,large_diversified,False,deposit_interest_expense,InterestExpenseDepositsAndShortTermBorrowings,False,,,,,,
831001,Citigroup Inc.,large_diversified,False,deposit_balance,Deposits,True,142.0,142.0,0.0,0.0,2008-12-31,2025-12-31
831001,Citigroup Inc.,large_diversified,False,deposit_balance,InterestBearingDepositLiabilities,False,,,,,,
831001,Citigroup Inc.,large_diversified,False,deposit_balance,NoninterestBearingDepositLiabilities,False,,,,,,
831001,Citigroup Inc.,large_diversified,False,deposit_balance,InterestBearingDomesticDepositMoneyMarket,False,,,,,,
831001,Citigroup Inc.,large_diversified,False,deposit_balance,InterestBearingDomesticDepositsSavings,False,,,,,,
831001,Citigroup Inc.,large_diversified,False,deposit_balance,InterestBearingDomesticDepositsTimeDeposits,False,,,,,,
831001,Citigroup Inc.,large_diversified,False,deposit_balance,DepositsDomestic,True,22.0,22.0,0.0,0.0,2008-12-31,2025-12-31
831001,Citigroup Inc.,large_diversified,False,deposit_balance,DepositsForeign,True,22.0,22.0,0.0,0.0,2008-12-31,2025-12-31
831001,Citigroup Inc.,large_diversified,False,deposit_balance,TimeDeposits,True,4.0,4.0,0.0,0.0,2022-12-31,2025-12-31
831001,Citigroup Inc.,large_diversified,False,context,Assets,True,148.0,148.0,0.0,0.0,2008-12-31,2025-12-31
831001,Citigroup Inc.,large_diversified,False,context,Liabilities,True,142.0,142.0,0.0,0.0,2008-12-31,2025-12-31
831001,Citigroup Inc.,large_diversified,False,context,StockholdersEquity,True,143.0,143.0,0.0,0.0,2008-12-31,2025-12-31
831001,Citigroup Inc.,large_diversified,False,context,InterestExpense,True,210.0,0.0,90.0,60.0,2007-12-31,2024-06-30
831001,Citigroup Inc.,large_diversified,False,context,InterestIncomeExpenseNet,True,230.0,0.0,98.0,66.0,2007-12-31,2025-12-31
831001,Citigroup Inc.,large_diversified,False,context,InterestAndDividendIncomeOperating,True,230.0,0.0,98.0,66.0,2007-12-31,2025-12-31
831001,Citigroup Inc.,large_diversified,False,context,NetIncomeLoss,True,366.0,0.0,234.0,66.0,2007-12-31,2025-12-31
713676,"The PNC Financial Services Group, Inc.",super_regional,False,deposit_interest_expense,InterestExpenseDeposits,True,231.0,0.0,104.0,57.0,2007-12-31,2026-06-30
713676,"The PNC Financial Services Group, Inc.",super_regional,False,deposit_interest_expense,InterestExpenseDomesticDeposits,False,,,,,,
713676,"The PNC Financial Services Group, Inc.",super_regional,False,deposit_interest_expense,InterestExpenseForeignDeposits,False,,,,,,
713676,"The PNC Financial Services Group, Inc.",super_regional,False,deposit_interest_expense,InterestExpenseDemandDeposits,False,,,,,,
713676,"The PNC Financial Services Group, Inc.",super_regional,False,deposit_interest_expense,InterestExpenseSavingsDeposits,False,,,,,,
713676,"The PNC Financial Services Group, Inc.",super_regional,False,deposit_interest_expense,InterestExpenseMoneyMarketDeposits,False,,,,,,
713676,"The PNC Financial Services Group, Inc.",super_regional,False,deposit_interest_expense,InterestExpenseNegotiableOrderOfWithdrawalNOW,False,,,,,,
713676,"The PNC Financial Services Group, Inc.",super_regional,False,deposit_interest_expense,InterestExpenseTimeDeposits,False,,,,,,
713676,"The PNC Financial Services Group, Inc.",super_regional,False,deposit_interest_expense,InterestExpenseDepositsAndShortTermBorrowings,False,,,,,,
713676,"The PNC Financial Services Group, Inc.",super_regional,False,deposit_balance,Deposits,True,142.0,142.0,0.0,0.0,2008-12-31,2026-06-30
713676,"The PNC Financial Services Group, Inc.",super_regional,False,deposit_balance,InterestBearingDepositLiabilities,True,142.0,142.0,0.0,0.0,2008-12-31,2026-06-30
713676,"The PNC Financial Services Group, Inc.",super_regional,False,deposit_balance,NoninterestBearingDepositLiabilities,True,142.0,142.0,0.0,0.0,2008-12-31,2026-06-30
713676,"The PNC Financial Services Group, Inc.",super_regional,False,deposit_balance,InterestBearingDomesticDepositMoneyMarket,False,,,,,,
713676,"The PNC Financial Services Group, Inc.",super_regional,False,deposit_balance,InterestBearingDomesticDepositsSavings,False,,,,,,
713676,"The PNC Financial Services Group, Inc.",super_regional,False,deposit_balance,InterestBearingDomesticDepositsTimeDeposits,False,,,,,,
713676,"The PNC Financial Services Group, Inc.",super_regional,False,deposit_balance,DepositsDomestic,False,,,,,,
713676,"The PNC Financial Services Group, Inc.",super_regional,False,deposit_balance,DepositsForeign,False,,,,,,
713676,"The PNC Financial Services Group, Inc.",super_regional,False,deposit_balance,TimeDeposits,True,19.0,19.0,0.0,0.0,2010-12-31,2025-12-31
713676,"The PNC Financial Services Group, Inc.",super_regional,False,context,Assets,True,142.0,142.0,0.0,0.0,2008-12-31,2026-06-30
713676,"The PNC Financial Services Group, Inc.",super_regional,False,context,Liabilities,True,142.0,142.0,0.0,0.0,2008-12-31,2026-06-30
713676,"The PNC Financial Services Group, Inc.",super_regional,False,context,StockholdersEquity,True,142.0,142.0,0.0,0.0,2008-12-31,2026-06-30
713676,"The PNC Financial Services Group, Inc.",super_regional,False,context,InterestExpense,True,201.0,0.0,90.0,51.0,2007-12-31,2024-03-31
713676,"The PNC Financial Services Group, Inc.",super_regional,False,context,InterestIncomeExpenseNet,True,223.0,0.0,100.0,57.0,2007-12-31,2026-06-30
713676,"The PNC Financial Services Group, Inc.",super_regional,False,context,InterestAndDividendIncomeOperating,True,231.0,0.0,104.0,57.0,2007-12-31,2026-06-30
713676,"The PNC Financial Services Group, Inc.",super_regional,False,context,NetIncomeLoss,True,14.0,0.0,8.0,0.0,2008-06-30,2026-06-30
36104,U.S. Bancorp,super_regional,False,deposit_interest_expense,InterestExpenseDeposits,True,225.0,0.0,104.0,51.0,2007-12-31,2026-06-30
36104,U.S. Bancorp,super_regional,False,deposit_interest_expense,InterestExpenseDomesticDeposits,False,,,,,,
36104,U.S. Bancorp,super_regional,False,deposit_interest_expense,InterestExpenseForeignDeposits,False,,,,,,
36104,U.S. Bancorp,super_regional,False,deposit_interest_expense,InterestExpenseDemandDeposits,False,,,,,,
36104,U.S. Bancorp,super_regional,False,deposit_interest_expense,InterestExpenseSavingsDeposits,False,,,,,,
36104,U.S. Bancorp,super_regional,False,deposit_interest_expense,InterestExpenseMoneyMarketDeposits,False,,,,,,
36104,U.S. Bancorp,super_regional,False,deposit_interest_expense,InterestExpenseNegotiableOrderOfWithdrawalNOW,False,,,,,,
36104,U.S. Bancorp,super_regional,False,deposit_interest_expense,InterestExpenseTimeDeposits,False,,,,,,
36104,U.S. Bancorp,super_regional,False,deposit_interest_expense,InterestExpenseDepositsAndShortTermBorrowings,False,,,,,,
36104,U.S. Bancorp,super_regional,False,deposit_balance,Deposits,True,138.0,138.0,0.0,0.0,2008-12-31,2026-06-30
36104,U.S. Bancorp,super_regional,False,deposit_balance,InterestBearingDepositLiabilities,True,120.0,120.0,0.0,0.0,2010-12-31,2026-06-30
36104,U.S. Bancorp,super_regional,False,deposit_balance,NoninterestBearingDepositLiabilities,True,138.0,138.0,0.0,0.0,2008-12-31,2026-06-30
36104,U.S. Bancorp,super_regional,False,deposit_balance,InterestBearingDomesticDepositMoneyMarket,False,,,,,,
36104,U.S. Bancorp,super_regional,False,deposit_balance,InterestBearingDomesticDepositsSavings,False,,,,,,
36104,U.S. Bancorp,super_regional,False,deposit_balance,InterestBearingDomesticDepositsTimeDeposits,False,,,,,,
36104,U.S. Bancorp,super_regional,False,deposit_balance,DepositsDomestic,False,,,,,,
36104,U.S. Bancorp,super_regional,False,deposit_balance,DepositsForeign,False,,,,,,
36104,U.S. Bancorp,super_regional,False,deposit_balance,TimeDeposits,True,62.0,62.0,0.0,0.0,2008-12-31,2025-12-31
36104,U.S. Bancorp,super_regional,False,context,Assets,True,138.0,138.0,0.0,0.0,2008-12-31,2026-06-30
36104,U.S. Bancorp,super_regional,False,context,Liabilities,True,138.0,138.0,0.0,0.0,2008-12-31,2026-06-30
36104,U.S. Bancorp,super_regional,False,context,StockholdersEquity,True,138.0,138.0,0.0,0.0,2008-12-31,2026-06-30
36104,U.S. Bancorp,super_regional,False,context,InterestExpense,True,195.0,0.0,90.0,45.0,2007-12-31,2024-03-31
36104,U.S. Bancorp,super_regional,False,context,InterestIncomeExpenseNet,True,225.0,0.0,104.0,51.0,2007-12-31,2026-06-30
36104,U.S. Bancorp,super_regional,False,context,InterestAndDividendIncomeOperating,True,225.0,0.0,104.0,51.0,2007-12-31,2026-06-30
36104,U.S. Bancorp,super_regional,False,context,NetIncomeLoss,True,225.0,0.0,104.0,51.0,2007-12-31,2026-06-30
92230,Truist Financial Corporation,super_regional,False,deposit_interest_expense,InterestExpenseDeposits,True,231.0,0.0,104.0,57.0,2007-12-31,2026-06-30
92230,Truist Financial Corporation,super_regional,False,deposit_interest_expense,InterestExpenseDomesticDeposits,False,,,,,,
92230,Truist Financial Corporation,super_regional,False,deposit_interest_expense,InterestExpenseForeignDeposits,False,,,,,,
92230,Truist Financial Corporation,super_regional,False,deposit_interest_expense,InterestExpenseDemandDeposits,False,,,,,,
92230,Truist Financial Corporation,super_regional,False,deposit_interest_expense,InterestExpenseSavingsDeposits,False,,,,,,
92230,Truist Financial Corporation,super_regional,False,deposit_interest_expense,InterestExpenseMoneyMarketDeposits,False,,,,,,
92230,Truist Financial Corporation,super_regional,False,deposit_interest_expense,InterestExpenseNegotiableOrderOfWithdrawalNOW,False,,,,,,
92230,Truist Financial Corporation,super_regional,False,deposit_interest_expense,InterestExpenseTimeDeposits,False,,,,,,
92230,Truist Financial Corporation,super_regional,False,deposit_interest_expense,InterestExpenseDepositsAndShortTermBorrowings,False,,,,,,
92230,Truist Financial Corporation,super_regional,False,deposit_balance,Deposits,True,102.0,102.0,0.0,0.0,2008-12-31,2025-12-31
92230,Truist Financial Corporation,super_regional,False,deposit_balance,InterestBearingDepositLiabilities,True,110.0,110.0,0.0,0.0,2009-12-31,2026-06-30
92230,Truist Financial Corporation,super_regional,False,deposit_balance,NoninterestBearingDepositLiabilities,True,142.0,142.0,0.0,0.0,2008-12-31,2026-06-30
92230,Truist Financial Corporation,super_regional,False,deposit_balance,InterestBearingDomesticDepositMoneyMarket,False,,,,,,
92230,Truist Financial Corporation,super_regional,False,deposit_balance,InterestBearingDomesticDepositsSavings,False,,,,,,
92230,Truist Financial Corporation,super_regional,False,deposit_balance,InterestBearingDomesticDepositsTimeDeposits,False,,,,,,
92230,Truist Financial Corporation,super_regional,False,deposit_balance,DepositsDomestic,False,,,,,,
92230,Truist Financial Corporation,super_regional,False,deposit_balance,DepositsForeign,False,,,,,,
92230,Truist Financial Corporation,super_regional,False,deposit_balance,TimeDeposits,True,42.0,42.0,0.0,0.0,2015-12-31,2025-12-31
92230,Truist Financial Corporation,super_regional,False,context,Assets,True,149.0,149.0,0.0,0.0,2008-12-31,2026-06-30
92230,Truist Financial Corporation,super_regional,False,context,Liabilities,True,142.0,142.0,0.0,0.0,2008-12-31,2026-06-30
92230,Truist Financial Corporation,super_regional,False,context,StockholdersEquity,True,10.0,10.0,0.0,0.0,2007-12-31,2026-06-30
92230,Truist Financial Corporation,super_regional,False,context,InterestExpense,True,205.0,0.0,92.0,51.0,2007-12-31,2024-06-30
92230,Truist Financial Corporation,super_regional,False,context,InterestIncomeExpenseNet,True,231.0,0.0,104.0,57.0,2007-12-31,2026-06-30
92230,Truist Financial Corporation,super_regional,False,context,InterestAndDividendIncomeOperating,True,231.0,0.0,104.0,57.0,2007-12-31,2026-06-30
92230,Truist Financial Corporation,super_regional,False,context,NetIncomeLoss,True,4.0,0.0,2.0,0.0,2008-06-30,2009-06-30
36270,M&T Bank Corporation,regional,False,deposit_interest_expense,InterestExpenseDeposits,False,,,,,,
36270,M&T Bank Corporation,regional,False,deposit_interest_expense,InterestExpenseDomesticDeposits,False,,,,,,
36270,M&T Bank Corporation,regional,False,deposit_interest_expense,InterestExpenseForeignDeposits,True,176.0,0.0,79.0,41.0,2007-12-31,2021-12-31
36270,M&T Bank Corporation,regional,False,deposit_interest_expense,InterestExpenseDemandDeposits,False,,,,,,
36270,M&T Bank Corporation,regional,False,deposit_interest_expense,InterestExpenseSavingsDeposits,True,103.0,0.0,48.0,21.0,2007-12-31,2016-09-30
36270,M&T Bank Corporation,regional,False,deposit_interest_expense,InterestExpenseMoneyMarketDeposits,False,,,,,,
36270,M&T Bank Corporation,regional,False,deposit_interest_expense,InterestExpenseNegotiableOrderOfWithdrawalNOW,False,,,,,,
36270,M&T Bank Corporation,regional,False,deposit_interest_expense,InterestExpenseTimeDeposits,True,231.0,0.0,108.0,51.0,2007-12-31,2026-06-30
36270,M&T Bank Corporation,regional,False,deposit_interest_expense,InterestExpenseDepositsAndShortTermBorrowings,False,,,,,,
36270,M&T Bank Corporation,regional,False,deposit_balance,Deposits,True,142.0,142.0,0.0,0.0,2008-12-31,2026-06-30
36270,M&T Bank Corporation,regional,False,deposit_balance,InterestBearingDepositLiabilities,False,,,,,,
36270,M&T Bank Corporation,regional,False,deposit_balance,NoninterestBearingDepositLiabilities,False,,,,,,
36270,M&T Bank Corporation,regional,False,deposit_balance,InterestBearingDomesticDepositMoneyMarket,False,,,,,,
36270,M&T Bank Corporation,regional,False,deposit_balance,InterestBearingDomesticDepositsSavings,False,,,,,,
36270,M&T Bank Corporation,regional,False,deposit_balance,InterestBearingDomesticDepositsTimeDeposits,False,,,,,,
36270,M&T Bank Corporation,regional,False,deposit_balance,DepositsDomestic,False,,,,,,
36270,M&T Bank Corporation,regional,False,deposit_balance,DepositsForeign,True,101.0,101.0,0.0,0.0,2008-12-31,2021-03-31
36270,M&T Bank Corporation,regional,False,deposit_balance,TimeDeposits,True,142.0,142.0,0.0,0.0,2008-12-31,2026-06-30
36270,M&T Bank Corporation,regional,False,context,Assets,True,142.0,142.0,0.0,0.0,2008-12-31,2026-06-30
36270,M&T Bank Corporation,regional,False,context,Liabilities,True,142.0,142.0,0.0,0.0,2008-12-31,2026-06-30
36270,M&T Bank Corporation,regional,False,context,StockholdersEquity,True,276.0,276.0,0.0,0.0,2008-12-31,2026-06-30
36270,M&T Bank Corporation,regional,False,context,InterestExpense,True,205.0,0.0,96.0,45.0,2007-12-31,2024-06-30
36270,M&T Bank Corporation,regional,False,context,InterestIncomeExpenseNet,True,231.0,0.0,108.0,51.0,2007-12-31,2026-06-30
36270,M&T Bank Corporation,regional,False,context,InterestAndDividendIncomeOperating,True,231.0,0.0,108.0,51.0,2007-12-31,2026-06-30
36270,M&T Bank Corporation,regional,False,context,NetIncomeLoss,True,231.0,0.0,108.0,51.0,2007-12-31,2026-06-30
40729,Ally Financial Inc.,direct,False,deposit_interest_expense,InterestExpenseDeposits,True,208.0,0.0,92.0,54.0,2009-12-31,2026-06-30
40729,Ally Financial Inc.,direct,False,deposit_interest_expense,InterestExpenseDomesticDeposits,False,,,,,,
40729,Ally Financial Inc.,direct,False,deposit_interest_expense,InterestExpenseForeignDeposits,False,,,,,,
40729,Ally Financial Inc.,direct,False,deposit_interest_expense,InterestExpenseDemandDeposits,False,,,,,,
40729,Ally Financial Inc.,direct,False,deposit_interest_expense,InterestExpenseSavingsDeposits,False,,,,,,
40729,Ally Financial Inc.,direct,False,deposit_interest_expense,InterestExpenseMoneyMarketDeposits,False,,,,,,
40729,Ally Financial Inc.,direct,False,deposit_interest_expense,InterestExpenseNegotiableOrderOfWithdrawalNOW,False,,,,,,
40729,Ally Financial Inc.,direct,False,deposit_interest_expense,InterestExpenseTimeDeposits,False,,,,,,
40729,Ally Financial Inc.,direct,False,deposit_interest_expense,InterestExpenseDepositsAndShortTermBorrowings,False,,,,,,
40729,Ally Financial Inc.,direct,False,deposit_balance,Deposits,True,128.0,128.0,0.0,0.0,2010-12-31,2026-06-30
40729,Ally Financial Inc.,direct,False,deposit_balance,InterestBearingDepositLiabilities,True,128.0,128.0,0.0,0.0,2010-12-31,2026-06-30
40729,Ally Financial Inc.,direct,False,deposit_balance,NoninterestBearingDepositLiabilities,True,128.0,128.0,0.0,0.0,2010-12-31,2026-06-30
40729,Ally Financial Inc.,direct,False,deposit_balance,InterestBearingDomesticDepositMoneyMarket,False,,,,,,
40729,Ally Financial Inc.,direct,False,deposit_balance,InterestBearingDomesticDepositsSavings,False,,,,,,
40729,Ally Financial Inc.,direct,False,deposit_balance,InterestBearingDomesticDepositsTimeDeposits,False,,,,,,
40729,Ally Financial Inc.,direct,False,deposit_balance,DepositsDomestic,True,8.0,8.0,0.0,0.0,2011-12-31,2012-12-31
40729,Ally Financial Inc.,direct,False,deposit_balance,DepositsForeign,True,8.0,8.0,0.0,0.0,2011-12-31,2012-12-31
40729,Ally Financial Inc.,direct,False,deposit_balance,TimeDeposits,True,111.0,111.0,0.0,0.0,2012-12-31,2026-06-30
40729,Ally Financial Inc.,direct,False,context,Assets,True,187.0,187.0,0.0,0.0,2010-12-31,2026-06-30
40729,Ally Financial Inc.,direct,False,context,Liabilities,True,128.0,128.0,0.0,0.0,2010-12-31,2026-06-30
40729,Ally Financial Inc.,direct,False,context,StockholdersEquity,True,284.0,284.0,0.0,0.0,2010-12-31,2026-06-30
40729,Ally Financial Inc.,direct,False,context,InterestExpense,True,178.0,0.0,78.0,48.0,2009-12-31,2024-03-31
40729,Ally Financial Inc.,direct,False,context,InterestIncomeExpenseNet,False,,,,,,
40729,Ally Financial Inc.,direct,False,context,InterestAndDividendIncomeOperating,False,,,,,,
40729,Ally Financial Inc.,direct,False,context,NetIncomeLoss,True,312.0,0.0,188.0,54.0,2009-06-30,2026-06-30
109380,"Zions Bancorporation, National Association",regional,False,deposit_interest_expense,InterestExpenseDeposits,True,204.0,0.0,94.0,48.0,2008-12-31,2026-06-30
109380,"Zions Bancorporation, National Association",regional,False,deposit_interest_expense,InterestExpenseDomesticDeposits,False,,,,,,
109380,"Zions Bancorporation, National Association",regional,False,deposit_interest_expense,InterestExpenseForeignDeposits,False,,,,,,
109380,"Zions Bancorporation, National Association",regional,False,deposit_interest_expense,InterestExpenseDemandDeposits,False,,,,,,
109380,"Zions Bancorporation, National Association",regional,False,deposit_interest_expense,InterestExpenseSavingsDeposits,False,,,,,,
109380,"Zions Bancorporation, National Association",regional,False,deposit_interest_expense,InterestExpenseMoneyMarketDeposits,False,,,,,,
109380,"Zions Bancorporation, National Association",regional,False,deposit_interest_expense,InterestExpenseNegotiableOrderOfWithdrawalNOW,False,,,,,,
109380,"Zions Bancorporation, National Association",regional,False,deposit_interest_expense,InterestExpenseTimeDeposits,False,,,,,,
109380,"Zions Bancorporation, National Association",regional,False,deposit_interest_expense,InterestExpenseDepositsAndShortTermBorrowings,False,,,,,,
109380,"Zions Bancorporation, National Association",regional,False,deposit_balance,Deposits,True,136.0,136.0,0.0,0.0,2009-06-30,2026-06-30
109380,"Zions Bancorporation, National Association",regional,False,deposit_balance,InterestBearingDepositLiabilities,False,,,,,,
109380,"Zions Bancorporation, National Association",regional,False,deposit_balance,NoninterestBearingDepositLiabilities,True,135.0,135.0,0.0,0.0,2009-06-30,2026-06-30
109380,"Zions Bancorporation, National Association",regional,False,deposit_balance,InterestBearingDomesticDepositMoneyMarket,True,25.0,25.0,0.0,0.0,2009-06-30,2012-09-30
109380,"Zions Bancorporation, National Association",regional,False,deposit_balance,InterestBearingDomesticDepositsSavings,False,,,,,,
109380,"Zions Bancorporation, National Association",regional,False,deposit_balance,InterestBearingDomesticDepositsTimeDeposits,False,,,,,,
109380,"Zions Bancorporation, National Association",regional,False,deposit_balance,DepositsDomestic,False,,,,,,
109380,"Zions Bancorporation, National Association",regional,False,deposit_balance,DepositsForeign,False,,,,,,
109380,"Zions Bancorporation, National Association",regional,False,deposit_balance,TimeDeposits,True,102.0,102.0,0.0,0.0,2010-12-31,2026-06-30
109380,"Zions Bancorporation, National Association",regional,False,context,Assets,True,135.0,135.0,0.0,0.0,2009-06-30,2026-06-30
109380,"Zions Bancorporation, National Association",regional,False,context,Liabilities,True,135.0,135.0,0.0,0.0,2009-06-30,2026-06-30
109380,"Zions Bancorporation, National Association",regional,False,context,StockholdersEquity,True,161.0,161.0,0.0,0.0,2009-06-30,2026-06-30
109380,"Zions Bancorporation, National Association",regional,False,context,InterestExpense,True,182.0,0.0,84.0,42.0,2008-12-31,2024-03-31
109380,"Zions Bancorporation, National Association",regional,False,context,InterestIncomeExpenseNet,True,332.0,0.0,218.0,48.0,2008-12-31,2026-06-30
109380,"Zions Bancorporation, National Association",regional,False,context,InterestAndDividendIncomeOperating,True,332.0,0.0,218.0,48.0,2008-12-31,2026-06-30
109380,"Zions Bancorporation, National Association",regional,False,context,NetIncomeLoss,True,202.0,0.0,128.0,30.0,2008-12-31,2026-06-30
719739,SVB Financial Group,regional,True,deposit_interest_expense,InterestExpenseDeposits,True,167.0,0.0,76.0,39.0,2008-12-31,2022-12-31
719739,SVB Financial Group,regional,True,deposit_interest_expense,InterestExpenseDomesticDeposits,False,,,,,,
719739,SVB Financial Group,regional,True,deposit_interest_expense,InterestExpenseForeignDeposits,False,,,,,,
719739,SVB Financial Group,regional,True,deposit_interest_expense,InterestExpenseDemandDeposits,False,,,,,,
719739,SVB Financial Group,regional,True,deposit_interest_expense,InterestExpenseSavingsDeposits,False,,,,,,
719739,SVB Financial Group,regional,True,deposit_interest_expense,InterestExpenseMoneyMarketDeposits,False,,,,,,
719739,SVB Financial Group,regional,True,deposit_interest_expense,InterestExpenseNegotiableOrderOfWithdrawalNOW,False,,,,,,
719739,SVB Financial Group,regional,True,deposit_interest_expense,InterestExpenseTimeDeposits,False,,,,,,
719739,SVB Financial Group,regional,True,deposit_interest_expense,InterestExpenseDepositsAndShortTermBorrowings,False,,,,,,
719739,SVB Financial Group,regional,True,deposit_balance,Deposits,True,102.0,102.0,0.0,0.0,2009-12-31,2022-12-31
719739,SVB Financial Group,regional,True,deposit_balance,InterestBearingDepositLiabilities,True,94.0,94.0,0.0,0.0,2010-12-31,2022-12-31
719739,SVB Financial Group,regional,True,deposit_balance,NoninterestBearingDepositLiabilities,True,102.0,102.0,0.0,0.0,2009-12-31,2022-12-31
719739,SVB Financial Group,regional,True,deposit_balance,InterestBearingDomesticDepositMoneyMarket,False,,,,,,
719739,SVB Financial Group,regional,True,deposit_balance,InterestBearingDomesticDepositsSavings,False,,,,,,
719739,SVB Financial Group,regional,True,deposit_balance,InterestBearingDomesticDepositsTimeDeposits,False,,,,,,
719739,SVB Financial Group,regional,True,deposit_balance,DepositsDomestic,False,,,,,,
719739,SVB Financial Group,regional,True,deposit_balance,DepositsForeign,False,,,,,,
719739,SVB Financial Group,regional,True,deposit_balance,TimeDeposits,True,32.0,32.0,0.0,0.0,2009-12-31,2022-12-31
719739,SVB Financial Group,regional,True,context,Assets,True,102.0,102.0,0.0,0.0,2009-12-31,2022-12-31
719739,SVB Financial Group,regional,True,context,Liabilities,True,102.0,102.0,0.0,0.0,2009-12-31,2022-12-31
719739,SVB Financial Group,regional,True,context,StockholdersEquity,True,102.0,102.0,0.0,0.0,2009-12-31,2022-12-31
719739,SVB Financial Group,regional,True,context,InterestExpense,True,247.0,0.0,156.0,39.0,2008-12-31,2022-12-31
719739,SVB Financial Group,regional,True,context,InterestIncomeExpenseNet,True,247.0,0.0,156.0,39.0,2008-12-31,2022-12-31
719739,SVB Financial Group,regional,True,context,InterestAndDividendIncomeOperating,True,247.0,0.0,156.0,39.0,2008-12-31,2022-12-31
719739,SVB Financial Group,regional,True,context,NetIncomeLoss,True,14.0,0.0,4.0,6.0,2008-12-31,2011-12-31
1102112,PacWest Bancorp,regional,True,deposit_interest_expense,InterestExpenseDeposits,True,196.0,0.0,108.0,36.0,2009-12-31,2023-09-30
1102112,PacWest Bancorp,regional,True,deposit_interest_expense,InterestExpenseDomesticDeposits,False,,,,,,
1102112,PacWest Bancorp,regional,True,deposit_interest_expense,InterestExpenseForeignDeposits,False,,,,,,
1102112,PacWest Bancorp,regional,True,deposit_interest_expense,InterestExpenseDemandDeposits,False,,,,,,
1102112,PacWest Bancorp,regional,True,deposit_interest_expense,InterestExpenseSavingsDeposits,False,,,,,,
1102112,PacWest Bancorp,regional,True,deposit_interest_expense,InterestExpenseMoneyMarketDeposits,False,,,,,,
1102112,PacWest Bancorp,regional,True,deposit_interest_expense,InterestExpenseNegotiableOrderOfWithdrawalNOW,False,,,,,,
1102112,PacWest Bancorp,regional,True,deposit_interest_expense,InterestExpenseTimeDeposits,False,,,,,,
1102112,PacWest Bancorp,regional,True,deposit_interest_expense,InterestExpenseDepositsAndShortTermBorrowings,False,,,,,,
1102112,PacWest Bancorp,regional,True,deposit_balance,Deposits,True,110.0,110.0,0.0,0.0,2010-12-31,2023-09-30
1102112,PacWest Bancorp,regional,True,deposit_balance,InterestBearingDepositLiabilities,True,100.0,100.0,0.0,0.0,2010-12-31,2023-09-30
1102112,PacWest Bancorp,regional,True,deposit_balance,NoninterestBearingDepositLiabilities,True,100.0,100.0,0.0,0.0,2010-12-31,2023-09-30
1102112,PacWest Bancorp,regional,True,deposit_balance,InterestBearingDomesticDepositMoneyMarket,True,18.0,18.0,0.0,0.0,2013-12-31,2022-12-31
1102112,PacWest Bancorp,regional,True,deposit_balance,InterestBearingDomesticDepositsSavings,False,,,,,,
1102112,PacWest Bancorp,regional,True,deposit_balance,InterestBearingDomesticDepositsTimeDeposits,False,,,,,,
1102112,PacWest Bancorp,regional,True,deposit_balance,DepositsDomestic,False,,,,,,
1102112,PacWest Bancorp,regional,True,deposit_balance,DepositsForeign,False,,,,,,
1102112,PacWest Bancorp,regional,True,deposit_balance,TimeDeposits,True,76.0,76.0,0.0,0.0,2012-12-31,2023-09-30
1102112,PacWest Bancorp,regional,True,context,Assets,True,109.0,109.0,0.0,0.0,2010-12-31,2023-09-30
1102112,PacWest Bancorp,regional,True,context,Liabilities,True,100.0,100.0,0.0,0.0,2010-12-31,2023-09-30
1102112,PacWest Bancorp,regional,True,context,StockholdersEquity,True,189.0,189.0,0.0,0.0,2008-12-31,2023-09-30
1102112,PacWest Bancorp,regional,True,context,InterestExpense,True,268.0,0.0,180.0,36.0,2009-12-31,2023-09-30
1102112,PacWest Bancorp,regional,True,context,InterestIncomeExpenseNet,True,268.0,0.0,180.0,36.0,2009-12-31,2023-09-30
1102112,PacWest Bancorp,regional,True,context,InterestAndDividendIncomeOperating,True,264.0,0.0,176.0,36.0,2009-12-31,2023-09-30
1102112,PacWest Bancorp,regional,True,context,NetIncomeLoss,True,276.0,0.0,190.0,36.0,2009-12-31,2023-09-30
